"TripSetNo","TripSetPredNo","Date","Quarter","Year","Lat","Lon","SST","PredSpp","Length","Fullness","Argonautidae","Balistidae","BivalviaC","Bramidae","Carangidae","Clupeidae","Coryphaenidae","DecapodaO","Engraulidae","Exocoetidae","Galatheidae","GastropodaC","Gempylidae","Hemiramphidae","Hemisquillidae","Loliginidae","Myctophidae","Nomeidae","Octopodidae","Ommastrephidae","Ostraciidae","Penaeidae","Phosichthyidae","Portunidae","Scombridae","Squillidae","StomatopodaO","Tetraodontidae","Thysanoteuthidae"
11,111,"9/22/2003",3,2003,18.42,-116.02,26.94444,"Thunnus albacares",1266,80,0,0,0,0,0,0,0,0,0,0,79.51,0,0,0,0,0,0,0,0,0,0,0,0,0,0,0,0,0,0
11,112,"9/22/2003",3,2003,18.42,-116.02,26.94444,"Thunnus albacares",1069,100,0,0,0,0,0,0,0,0,0,0,99.17,0,0,0,0,0,0,0,0,3.96,0,0,0,0,0,0,0,0,0
11,113,"9/22/2003",3,2003,18.42,-116.02,26.94444,"Thunnus albacares",890,80,0,4.71,0,0,0,0,0,0,0,0,0,0,0,0,0,0,0,0,0,0,101.9,0,0,0,0,0,0,0,0
11,114,"9/22/2003",3,2003,18.42,-116.02,26.94444,"Thunnus albacares",814,80,0,0.51,0,0,0,0,0,0,0,0,0,0,0,0,0,0,0,0,0,0,38.14,0,0,0,0,0,0,0,0
11,115,"9/22/2003",3,2003,18.42,-116.02,26.94444,"Thunnus albacares",874,80,0,0,0,0,0,0,0,0,0,0,0,0,0,0,0,0,0,0,0,0,97.45,0,0,0,0,0,0,0,0
11,116,"9/22/2003",3,2003,18.42,-116.02,26.94444,"Thunnus albacares",867,20,0,0,0,0,0,0,0,0,0,0,1.76,0,0,0,0,0,0,0,0,0,0,0,0,0,0,0,0,0,0
11,117,"9/22/2003",3,2003,18.42,-116.02,26.94444,"Thunnus albacares",1281,30,0,8.77,0,0,0,0,0,0,0,0,2.41,0,0,0,0,0,0,0,0,2.6,0.13,0,0,0,0,0,0,0,0
11,118,"9/22/2003",3,2003,18.42,-116.02,26.94444,"Thunnus albacares",855,50,0,0,0,0,0,0,0,0,0,0,2.99,0,0,0,0,0,0,0,0,18.93,0,0,0,0,0,0,0,0,0
11,119,"9/22/2003",3,2003,18.42,-116.02,26.94444,"Thunnus albacares",822,80,0,0,0,0,0,0,0,0,0,5.72,0.45,0,0,0,0,0,0,0,0,0,0,0,0.31,0,0,0,0,4.5,0
11,1110,"9/22/2003",3,2003,18.42,-116.02,26.94444,"Thunnus albacares",1059,70,0,0,0,0,0,0,0,0,0,1.79,19.85,0,0,0,0,0,0,0,0,0,0,0,0,0,0,0,0,0,0
12,1211,"10/06/2003",4,2003,11.68,-120.28,28.33333,"Thunnus albacares",1141,85,0,0,0,0,0,0,0,0,0,0,0,0,0,0,0,0,0,0,0,0,0,0,0,0,71.6,0,0,0,0
12,1212,"10/06/2003",4,2003,11.68,-120.28,28.33333,"Thunnus albacares",917,40,0,0,0,0,0,0,0,0,0,0,0,0,0,0,0,0,0,0,0,0,0,0,0,0,14.08,0,0,0,0
12,1213,"10/06/2003",4,2003,11.68,-120.28,28.33333,"Thunnus albacares",908,15,0,0,0,0,0,0,0,0,0,0,0,0,0,0,0,0,0,0,0,0,0,0,2.77,0,0,0,0,0,0
12,1214,"10/06/2003",4,2003,11.68,-120.28,28.33333,"Thunnus albacares",1025,15,0,1.4,0,0,0,0,0,0,0,2.66,0,0,0,0,0,0,0,0,0,0,0,0,0,0,0,0,0,0,0
12,1215,"10/06/2003",4,2003,11.68,-120.28,28.33333,"Thunnus albacares",1274,20,0,1.15,0,0,0,0,0,0,0,0,0,0,0,0,0,0,0,0,0,2.52,0,0,13.29,0,0,0,0,0,0
12,1216,"10/06/2003",4,2003,11.68,-120.28,28.33333,"Thunnus albacares",1151,30,0,0,0,0,0,0,0,0,0,0,0,0,0,0,0,0,0,0,0,0,0,0,2.17,0,0,0,0,0,0
12,1217,"10/06/2003",4,2003,11.68,-120.28,28.33333,"Thunnus albacares",871,80,0,0,0,0,0,0,0,0,0,0,0,0,0,0.03,0,0,0,0,0,0,0,0,73.4,0,0,0,0,0,0
12,1218,"10/06/2003",4,2003,11.68,-120.28,28.33333,"Thunnus albacares",822,80,0,0,0,0,0,0,0,0,0,0,0,0,0,0,0,0,0,0,0.4,0,0,0,21.71,0,0,0,0,0,0
12,1219,"10/06/2003",4,2003,11.68,-120.28,28.33333,"Thunnus albacares",840,80,0,0,0,0,0,0,0,0,0,0,0,0,0,12.15,0,0,0,0,0,0,0,0,11.85,0,0,0,0,0,0
12,1220,"10/06/2003",4,2003,11.68,-120.28,28.33333,"Thunnus albacares",974,30,0,0,0,0,0,0,0,0,0,0,0,0,0,0,0,0,0,0,0,0,0,0,4.74,0,0,0,0,0,0
23,2321,"9/09/2003",3,2003,24.25,-112.32,25.83333,"Thunnus albacares",1155,80,0,0,0,0,0,0,0,0,0,0,3.14,0,0,0,0,0,0,0,2.82,99.37,0,0,0,0,0,0,0,0,0
23,2322,"9/09/2003",3,2003,24.25,-112.32,25.83333,"Thunnus albacares",1108,80,0,0,0,0,0,0,0,0,0,0,0,0,0,0,0,0,0,0,1.49,198.42,0,0,0,0,0,0,0,0,0
23,2323,"9/09/2003",3,2003,24.25,-112.32,25.83333,"Thunnus albacares",1047,90,0,0,0,0,0,0,0,0,0,0,23.51,0,0,0,0,0,0,0,0,191.03,0,0,0,0,0,0,0,0,0
23,2324,"9/09/2003",3,2003,24.25,-112.32,25.83333,"Thunnus albacares",1095,30,0,0,0,0,0,0,0.48,0,0,0,6.57,0,0,0,0,0,0,0,0,6.12,0,0,0,0,0,0,0,0,0
23,2325,"9/09/2003",3,2003,24.25,-112.32,25.83333,"Thunnus albacares",1115,50,0,0,0,0,0,0,0,0,0,0,0,0,0,0,0,0,0,0,0,54.22,0,0,0,0,0,0,0,0,0
23,2326,"9/09/2003",3,2003,24.25,-112.32,25.83333,"Thunnus albacares",1129,60,0,0,0,0,0,0,0,0,0,0,14.81,0,0,0,0,0,0,0,0,26.37,0,0,0,0,0,0,0,0,0
23,2327,"9/09/2003",3,2003,24.25,-112.32,25.83333,"Thunnus albacares",1140,90,0,0,0,0,0,0,0,0,0,0,0,0,0,0,0,0,0,0,0,104.79,0,0,0,0,0,0,0,0,0
23,2328,"9/09/2003",3,2003,24.25,-112.32,25.83333,"Thunnus albacares",1079,80,0,0,0,0,0,0,0,0,0,0,0,0,0,0,0,0,0,0,0,254.55,0,0,0,0,0,0,0,0,0
23,2329,"9/09/2003",3,2003,24.25,-112.32,25.83333,"Thunnus albacares",639,30,0,0,0,0,0,0,0,0,0,0,0,0,0,0,0,0,0,0,0,19.86,0,0,0,0,0,0,0,0,0
23,2330,"9/09/2003",3,2003,24.25,-112.32,25.83333,"Thunnus albacares",1008,80,0,0,0,0,0,0,0,0,0,0,0.82,0,0,0,0,0,0,0,0,260.83,0,0,0,0,0,0,0,0,0
23,2331,"9/09/2003",3,2003,24.25,-112.32,25.83333,"Thunnus albacares",1083,50,0,0,0,0,0,0,0,0,0,0,5.98,0,0,0,0,0,0,0,0,21.51,0,0,0,0,0,0,0,0,0
23,2332,"9/09/2003",3,2003,24.25,-112.32,25.83333,"Thunnus albacares",991,50,0,0,0,0,0,0,0,0,0,0,0,0,0,0,0,0,0,0,0,70.16,0,0,0,0,0,0,0,0,0
23,2333,"9/09/2003",3,2003,24.25,-112.32,25.83333,"Thunnus albacares",646,20,0,0,0,0,0,0,0,0,0,0,0.39,0,0,0,0,0,0,0,0,14.79,0,0,0,0,0,0,0,0,0
23,2334,"9/09/2003",3,2003,24.25,-112.32,25.83333,"Thunnus albacares",1073,90,0,0,0,0,0,0,0,0,0,0,0,0,0,0,0,0,0,0,0,77.97,0,0,0,0,0,0,0,0,0
24,2435,"9/23/2003",3,2003,12.57,-115.55,28.05556,"Thunnus albacares",853,50,0,0,0,0,0,0,0,0,0,0,0,0,0,0,0,0,0,0,0,0,0,0,0,0,19.14,0,0,0,0
24,2436,"9/23/2003",3,2003,12.57,-115.55,28.05556,"Thunnus albacares",667,5,0,0,0,0,0,0,0,0,0,0,0,0,0,0,0,0,0,0,0,0,0,0,0.25,0,0,0,0,0,0
24,2437,"9/23/2003",3,2003,12.57,-115.55,28.05556,"Thunnus albacares",756,5,0,0,0,0,0,0,0,0,0,0,0.9,0,0,0,0,0,0,0,0,4.79,0,0,0,0,0,0,0,0,0
24,2438,"9/23/2003",3,2003,12.57,-115.55,28.05556,"Thunnus albacares",882,5,0,0,0,0,0,0,0,0,0,0,0.29,0,0,0,0,0,0,0,0,0,0,0,0,0,0,0,0,0,0
24,2439,"9/23/2003",3,2003,12.57,-115.55,28.05556,"Thunnus albacares",732,10,0,0,0,0,0,0,0,0,0,0,0,0,0,0,0,0,0,0,0,2.69,0,0,0,0,0,0,0,0,0
24,2440,"9/23/2003",3,2003,12.57,-115.55,28.05556,"Thunnus albacares",673,10,0,0,0,0,0,0,0,0,0,0,0.6,0,0,0,0,0,0,0,0,0,0,0,0,0,0,0,0,0,0
24,2441,"9/23/2003",3,2003,12.57,-115.55,28.05556,"Thunnus albacares",551,10,0,0,0,0,0,0,0,0,0,0,0,0,0,0,0,0,0,0,0,2.76,0,0,0,0,0,0,0,0,0
35,3542,"9/29/2003",3,2003,5.85,-98.1,27.4,"Thunnus albacares",572,10,0,0,0,0,0,0,0,0,0,0,0,0,0,1.2,0,0,0,0,0,0,0,0,0,0,0,0,0,0,0
35,3543,"9/29/2003",3,2003,5.85,-98.1,27.4,"Thunnus albacares",613,1,0,0,0,0,0,0,0,0,0,0,0,0,0,0,0,0,0,0,0,0,0,0,0.04,0,0,0,0,0,0
46,4644,"9/29/2003",3,2003,12.18,-113.43,27,"Thunnus albacares",794,5,0,0,0,0,0,0,0,0,0,0,0,0,0,0,0,0,0,0,0,0,0,0,0.14,0,0,0,0,0,0
46,4645,"9/29/2003",3,2003,12.18,-113.43,27,"Thunnus albacares",803,10,0,0,0,0,0,0,0,0,0,0,0.05,0,0,0,0,0,0,0,0,0,0,0,0,0,0,0,0,0,0
46,4646,"9/29/2003",3,2003,12.18,-113.43,27,"Thunnus albacares",709,10,0,0,0,0,0,0,0,0,0,0,0.01,0,0,0,0,0,0,0,0,0,0,0,0,0,0,0,0,0,0
46,4647,"9/29/2003",3,2003,12.18,-113.43,27,"Thunnus albacares",962,15,0,0,0,0,0,0,0,0,0,0,1.7,0,0,0,0,0,0,0,0,0,0,0,0.39,0,0,0,0,0,0
46,4648,"9/29/2003",3,2003,12.18,-113.43,27,"Thunnus albacares",976,10,0,0,0,0,0,0,0,0,0,0,0,0,0,0,0,0,0,0,0,0,0,0,2.3,0,0,0,0,0,0
46,4649,"9/29/2003",3,2003,12.18,-113.43,27,"Thunnus albacares",901,10,0,0,0,0,0,0,0,0,0,0,0,0,0,0,0,0,0,0,0,0,0,0,5,0,0,0,0,0,0
46,4650,"9/29/2003",3,2003,12.18,-113.43,27,"Thunnus albacares",727,20,0,0,0,0,0,0,0,0,0,0,0,0,0,0,0,0,0,0,0,0,0,0,1.36,0,0,0,0,0,0
46,4651,"9/29/2003",3,2003,12.18,-113.43,27,"Thunnus albacares",793,10,0,0,0,0,0,0,0,0,0,0,0.01,0,0,0,0,0,0,0,0,0,0,0,0,0,0,0,0,0,0
46,4652,"9/29/2003",3,2003,12.18,-113.43,27,"Thunnus albacares",780,5,0,0,0,0,0,0,0,0,0,0,0.25,0,0,0,0,0,0,0,0,0,0,0,0,0,0,0,0,0,0
47,4753,"10/08/2003",4,2003,11.73,-120.73,28.5,"Thunnus albacares",755,20,0,0,0,0,0,0,0,0,0,0,0,0,0,0,0,0,0,0,0,0,0,0,11.07,0,0,0,0,0,0
47,4754,"10/08/2003",4,2003,11.73,-120.73,28.5,"Thunnus albacares",1098,25,0,0,0,0,0,0,0,0,0,0,0,0,0,0,0,0,0,0,0,0,0,0,8.3,0,0,0,0,0,0
47,4755,"10/08/2003",4,2003,11.73,-120.73,28.5,"Thunnus albacares",940,5,0,0,0,0,0,0,0,0,0,0,0,0,0,0,0,0,0,0,0,0,0,0,2.3,0,0,0,0,0,0
47,4756,"10/08/2003",4,2003,11.73,-120.73,28.5,"Thunnus albacares",1045,5,0,0,0,0,0,0,0,0,0,0,0,0,0,0,0,0,0,0,0,0,0.55,0,0,0,0,0,0,0,0
47,4757,"10/08/2003",4,2003,11.73,-120.73,28.5,"Thunnus albacares",749,25,0,0,0,0,0,0,0,0,0,0,0,0,0,0,0,0,0,0,0,0,0,0,9.16,0,0,0,0,0,0
47,4758,"10/08/2003",4,2003,11.73,-120.73,28.5,"Thunnus albacares",1228,40,0,0,0,0,0,0,0,0,0,0,0,0,0,0,0,0,0,0,0,0,0,0,1.16,0,0,0,0,0,0
47,4759,"10/08/2003",4,2003,11.73,-120.73,28.5,"Thunnus albacares",1050,5,0,0,0,0,0,0,0,0,0,0,0,0,0,0,0,0,0,0,0,0,0,0,0.53,0,0,0,0,0,0
47,4760,"10/08/2003",4,2003,11.73,-120.73,28.5,"Thunnus albacares",1058,10,0,0,0,0,0,0,0,0,0,0,0,0,0,0,0,0,0,0,0,1.78,0,0,0.16,0,0,0,0,0,0
47,4761,"10/08/2003",4,2003,11.73,-120.73,28.5,"Thunnus albacares",708,5,0,0,0,0,0,0,0,0,0,0,0,0,0,0,0,0,0,0,0,0,0.55,0,0,0,0,0,0,0,0
58,5862,"10/14/2003",4,2003,11.78,-114.68,28.33333,"Thunnus albacares",814,100,0,0,0,0,0,0,0,0,0,0,9.7,0,0,0,0,0,0,0,0,0,0,0,0,0,239.29,0,0,0,0
58,5863,"10/14/2003",4,2003,11.78,-114.68,28.33333,"Thunnus albacares",927,100,0,0,0,0,0,0,0,0,0,0,9.87,0,0,0,0,0,0,0,0,0,0,0,0,0,0,0,0,0,0
58,5864,"10/14/2003",4,2003,11.78,-114.68,28.33333,"Thunnus albacares",892,100,0,0,0,0,0,0,0,0,0,0,22.02,0,0,0,0,0,0,0,0,0,0,0,0,0,161.23,0,0,0,0
58,5865,"10/14/2003",4,2003,11.78,-114.68,28.33333,"Thunnus albacares",904,25,0,0,0,0,0,0,0,0,0,0,0.51,0,0,0,0,0,0,0,0,0,0,0,0,0,0,0,0,0,0
58,5866,"10/14/2003",4,2003,11.78,-114.68,28.33333,"Thunnus albacares",807,25,0,0,0,0,0,0,0,0,0,0,4.15,0,0,0,0,0,0,0,0,0,0,0,0,0,0,0,0,0,0
58,5867,"10/14/2003",4,2003,11.78,-114.68,28.33333,"Thunnus albacares",862,100,0,0,0,0,0,0,0,0,0,0,9.42,0,0,0,0,0,0,0,0,0,0,0,0,0,0,0,0,0,0
58,5868,"10/14/2003",4,2003,11.78,-114.68,28.33333,"Thunnus albacares",835,100,0,0.58,0,0,0,0,0,0,0,0,2.54,0,0,0,0,0,0,0,0,0,0,0,0,0,0,0,0,0,0
58,5869,"10/14/2003",4,2003,11.78,-114.68,28.33333,"Thunnus albacares",843,25,0,0,0,0,0,0,0,0,0,0,8.07,0,0,0,0,0,0,0,0,0,0,0,0,0,0,0,0,0,0
58,5870,"10/14/2003",4,2003,11.78,-114.68,28.33333,"Thunnus albacares",481,5,0,0,0,0,0,0,0,0,0,0,0.15,0,0,0,0,0,0,0,0,0,0,0,0,0,0,0,0,0,0
58,5871,"10/14/2003",4,2003,11.78,-114.68,28.33333,"Thunnus albacares",890,10,0,0,0,0,0,0,0,0,0,0,7.44,0,0,0,0,0,0,0,0,0,0,0,0,0,0.01,0,0,0,0
58,5872,"10/14/2003",4,2003,11.78,-114.68,28.33333,"Thunnus albacares",864,100,0,0,0,0,0,0,0,0,0,0,6.18,0,0,0,0,0,0,0,0,0,0,0,0,0,0,0,0,0,0
58,5873,"10/14/2003",4,2003,11.78,-114.68,28.33333,"Thunnus albacares",850,75,0,0,0,0,0,0,0,0,0,0,0.77,0,0,0,0,0,0,0,0,0,0,0,0,0,0.9,0,0,0,0
59,5974,"10/21/2003",4,2003,13.75,-113.07,28.61111,"Thunnus albacares",934,30,0,0,0,0,0,0,0,0,0,0,50.04,0,0,0,0,0,0,0,0,0,0.01,0,0,0,0,0,0,0,0
59,5975,"10/21/2003",4,2003,13.75,-113.07,28.61111,"Thunnus albacares",880,30,0,0,0,0,0,0,0,0,0,0,58,0,0,0,0,0,0,0,0,0,0,0,0,0,0,0,0,0,0
59,5976,"10/21/2003",4,2003,13.75,-113.07,28.61111,"Thunnus albacares",896,30,0,0,0,0,0,0,0,0,0,0,52,0,0,0,0,0,0,0,0,0,0,0,0,0,0,0,0,0,0
59,5977,"10/21/2003",4,2003,13.75,-113.07,28.61111,"Thunnus albacares",857,50,0,0,0,0,0,0,0,0,0,0,54.35,0,0,0,0,0,0,0,0,0,0,0,0,0,0,0,0,0,0
59,5978,"10/21/2003",4,2003,13.75,-113.07,28.61111,"Thunnus albacares",839,70,0,0,0,0,0,0,0,0,0,0,78.92,0,0,0,0,0,0,0,0,0,0,0,0,0,0,0,0,0,0
59,5979,"10/21/2003",4,2003,13.75,-113.07,28.61111,"Thunnus albacares",860,30,0,0,0,0,0,0,0,0,0,0,120,0,0,0,0,0,0,0,0,0,0,0,0,0,0,0,0,0,0
59,5980,"10/21/2003",4,2003,13.75,-113.07,28.61111,"Thunnus albacares",857,30,0,0,0,0,0,0,0,0,0,0,75,0,0,0,0,0,0,0,0,0,0,0,0,0,0,0,0,0,0
59,5981,"10/21/2003",4,2003,13.75,-113.07,28.61111,"Thunnus albacares",583,50,0,0,0,0,0,0,0,0,0,0,28.36,0,0,0,0,0,0,0,0,0,0,0,0,0,0,0,0,0,0
59,5982,"10/21/2003",4,2003,13.75,-113.07,28.61111,"Thunnus albacares",500,70,0,0,0,0,0,0,0,0,0,0,11.15,0,0,0,0,0,0,0,0,0,0,0,0,0,0,0,0,0,0
59,5983,"10/21/2003",4,2003,13.75,-113.07,28.61111,"Thunnus albacares",490,70,0,0,0,0,0,0,0,0,0,0,6.61,0,0,0,0,0,0,0,0,0,0,0,0,0,0,0,0,0,0
510,51084,"10/24/2003",4,2003,10.53,-109.02,27.77778,"Thunnus albacares",521,100,0,0,0,0,0,0,0,0,0,0,0,0,0,0,0,0,0,0,0,0,0,0,0,0,0,0,0.08,0,0
511,51185,"10/27/2003",4,2003,11.35,-113,28.05556,"Thunnus albacares",907,10,0,0,0,0,0,0,0,0,0,0,31,0,0,0,0,0,0,0,0,0,0,0,0,0,0,0,0,0,0
511,51186,"10/27/2003",4,2003,11.35,-113,28.05556,"Thunnus albacares",974,10,0,0,0,0,0,0,0,0,0,0.42,3.98,0,0,0,0,0,0,0,0,0,0,0,0,0,0,0,0,0,0
511,51187,"10/27/2003",4,2003,11.35,-113,28.05556,"Thunnus albacares",649,10,0,0,0,0,0,0,0,0,0,0,0.12,0,0,0,0,0,0,0,0,0,0,0,0,0,0,0,0,0,0
511,51188,"10/27/2003",4,2003,11.35,-113,28.05556,"Thunnus albacares",650,20,0,0,0,0,0,0,0,0,0,0,11.49,0,0,0,0,0,0,0,0,0,0,0,0,0,0,0,0,0,0
511,51189,"10/27/2003",4,2003,11.35,-113,28.05556,"Thunnus albacares",632,20,0,0,0,0,0,0,0,0,0,0.01,16.23,0,0,0,0,0,0,0,0,0,0,0,0,0,0,0,0,0,0
511,51190,"10/27/2003",4,2003,11.35,-113,28.05556,"Thunnus albacares",514,15,0,0,0,0,0,0,0,0,0,0,1.3,0,0,0,0,0,0,0,0,0,0,0,0,0,0,0,0,0,0
511,51191,"10/27/2003",4,2003,11.35,-113,28.05556,"Thunnus albacares",480,10,0,0,0,0,0,0,0,0,0,0,0.38,0,0,0,0,0,0,0,0,0,0,0,0,0,0,0,0,0,0
612,61292,"9/24/2003",3,2003,13.65,-113.73,28.88889,"Thunnus albacares",920,15,0,0,0,0,0,0,0,0,0,0,34.88,0,0,0,0,0,0,0,0,0,0,0,0,0,0,0,0,0,0
612,61293,"9/24/2003",3,2003,13.65,-113.73,28.88889,"Thunnus albacares",840,10,0,0,0,0,0,0,0,0,0,0,2.82,0,0,0,0,0,0,0,0,0,0,0,0,0,0,0,0,0,0
612,61294,"9/24/2003",3,2003,13.65,-113.73,28.88889,"Thunnus albacares",830,30,0,0,0,0,0,0,0,0,0,0,99.7,0,0,0,0,0,0,0,0,0,0,0,0,0,0,0,0,0,0
612,61295,"9/24/2003",3,2003,13.65,-113.73,28.88889,"Thunnus albacares",920,70,0,0,0,0,0,0,0,0,0,0,95.8,0,0,0,0,0,0,0,0,0,0,0,0,0,0,0,0,0,0
612,61296,"9/24/2003",3,2003,13.65,-113.73,28.88889,"Thunnus albacares",800,30,0,0,0,0,0,0,0,0,0,1.92,122.32,0,0,0,0,0,0,0,0,0,0,0,0,0,0,0,0,0,0
612,61297,"9/24/2003",3,2003,13.65,-113.73,28.88889,"Thunnus albacares",770,70,0,0,0,0,0,0,0,0,0,0,63.32,0,0,0,0,0,0,0,0,16.51,0,0,0,0,0,0,0,0,0
612,61298,"9/24/2003",3,2003,13.65,-113.73,28.88889,"Thunnus albacares",900,10,0,0,0,0,0,0,0,0,0,0,111.22,0,0,0,0,0,0,0,0,0,0,0,0,0,0,0,0,0,0
612,61299,"9/24/2003",3,2003,13.65,-113.73,28.88889,"Thunnus albacares",850,40,0,0,0,0,0,0,0,0,0,0,217.9,0,0,0,0,0,0,0,0,0,0,0,0,0,0,0,0,0,0
612,612100,"9/24/2003",3,2003,13.65,-113.73,28.88889,"Thunnus albacares",720,70,0,0,0,0,0,0,0,0,0,0,24.95,0,0,0,0,0,0,0,0,0,0,0,0,0,0,0,0,0,0
612,612101,"9/24/2003",3,2003,13.65,-113.73,28.88889,"Thunnus albacares",770,30,0,0,0,0,0,0,0,0,0,0,4.96,0,0,0,0,0,0,0,0,0,0,0,0,0,0,0,0,0,0
612,612102,"9/24/2003",3,2003,13.65,-113.73,28.88889,"Thunnus albacares",800,30,0,0,0,0,0,0,0,0,0,0,78.76,0,0,0,0,0,0,0,0,0,0,0,0,0,0,0,0,0,0
612,612103,"9/24/2003",3,2003,13.65,-113.73,28.88889,"Thunnus albacares",960,20,0,0,0,0,0,0,0,0,0,0,29.79,0,0,0,0,0,0,0,0,0,0,0,0,0,0,0,0,0,0
612,612104,"9/24/2003",3,2003,13.65,-113.73,28.88889,"Thunnus albacares",830,30,0,0,0,0,0,0,0,0,0,0,58.11,0,0,0,0,0,0,0,0,0,0,0,0,0,0,0,0,0,0
612,612105,"9/24/2003",3,2003,13.65,-113.73,28.88889,"Thunnus albacares",580,30,0,0,0,0,0,0,0,0,0,0,16.4,0,0,0,0,0,0,0,0,0,0,0,0,0,0,0,0,0,0
612,612106,"9/24/2003",3,2003,13.65,-113.73,28.88889,"Thunnus albacares",565,70,0,0,0,0,0,0,0,0,0,0,1.75,0,0,0,0,0,0,0,0,0,0,0,0,0,0,0,0,0,0
612,612107,"9/24/2003",3,2003,13.65,-113.73,28.88889,"Thunnus albacares",470,70,0,0,0,0,0,0,0,0,0,0,2.13,0,0,0,0,0,0,0,0,0,0,0,0,0,0,0,0,0,0
613,613108,"10/07/2003",4,2003,11.18,-119.18,28.33333,"Thunnus albacares",830,40,0,0,0,0,0,0,0,0,0,0,0,0,0,0,0,0,0,0,0,0,0,0,12.03,0,0,0,0,0,0
613,613109,"10/07/2003",4,2003,11.18,-119.18,28.33333,"Thunnus albacares",900,40,0,5.2,0,0,0,0,0,0,0,0,0,0,0,0,0,0,0,0,0,0,0,0,0,0,0,0,0,5.29,0
613,613110,"10/07/2003",4,2003,11.18,-119.18,28.33333,"Thunnus albacares",750,60,1.12,0,0,0,0,0,0,0,0,0,0,0,0,0,0,0,0,0,0,0,0,0,33.12,0,0,0,0,0,0
613,613111,"10/07/2003",4,2003,11.18,-119.18,28.33333,"Thunnus albacares",711,60,0.21,0,0,0,0,0,0,0,0,0.19,0,0,0,0,0,0,0,0,0,0,0,0,17.1,0,0,0,0,0,0
613,613112,"10/07/2003",4,2003,11.18,-119.18,28.33333,"Thunnus albacares",862,40,0,0,0,0,0,0,0,0,0,0,0,0,0,0,0,0,0,0,0,0,0,0,6.85,0,0,0,0,0,0
613,613113,"10/07/2003",4,2003,11.18,-119.18,28.33333,"Thunnus albacares",820,40,0,0,0,0,0,0,0,0,0,0,0,0,0,0,0,0,0,0,0,0,0,0,10.9,0,0,0,0,0,0
613,613114,"10/07/2003",4,2003,11.18,-119.18,28.33333,"Thunnus albacares",700,100,0,0,0,0,0,0,0,0,0,0,0,0,0,0,0,0,0,0,0,0,0,0,0,0,68.72,0,0,0,0
613,613115,"10/07/2003",4,2003,11.18,-119.18,28.33333,"Thunnus albacares",652,50,0.82,0,0,0,0,0,0,0,0,0,0,0,0,0,0,0,0,0,0,0,0.81,0,24.56,0,0,0,0,0,0
613,613116,"10/07/2003",4,2003,11.18,-119.18,28.33333,"Thunnus albacares",660,70,0.34,0,0,0,0,0,0,0,0,0,0,0,0,0,0,0,0,0,0,0,0,0,0,0,0,0,0,0,0
613,613117,"10/07/2003",4,2003,11.18,-119.18,28.33333,"Thunnus albacares",596,70,0.17,0,0,0,0,0,0,0,0,0,0,0,0,0,0,0,0,0,0,0.32,0,0,31.84,0,0,0,0,0,0
613,613118,"10/07/2003",4,2003,11.18,-119.18,28.33333,"Thunnus albacares",755,50,0.13,0,0,0,0,0,0,0,0,0,0,0,0,0,0,0,0,0,0,0,0,0,15.57,0,0,0,0,0,0
613,613119,"10/07/2003",4,2003,11.18,-119.18,28.33333,"Thunnus albacares",730,50,0,0,0,0,0,0,0,0,0,0,0,0,0,0,0,0,0,0,0,1.47,0,0,14.21,0,0,0,0,0,0
613,613120,"10/07/2003",4,2003,11.18,-119.18,28.33333,"Thunnus albacares",651,60,0,0,0,0,0,0,0,0,0,0,0,0,0,0,0,0,0,0,0,0,0,0,28.92,0,0,0,0,0,0
613,613121,"10/07/2003",4,2003,11.18,-119.18,28.33333,"Thunnus albacares",640,30,0,0,0,0,0,0,0,0,0,0,0,0,0,0,0,0,0,0,0,0,0,0,0.25,0,0,0,0,0,0
613,613122,"10/07/2003",4,2003,11.18,-119.18,28.33333,"Thunnus albacares",710,50,1.08,0,0,0,0,0,0,0,0,0,0,0,0,0,0,0,0,0,0,0,0,0,1.08,0,0,0,0,0,0
613,613123,"10/07/2003",4,2003,11.18,-119.18,28.33333,"Thunnus albacares",600,40,0.26,0,0,0,0,0,0,0,0,0,0,0,0,0,0,0,0,0,0,0,0,0,14.33,0,0,0,0,0,0
614,614124,"10/27/2003",4,2003,21.65,-110.68,26.77778,"Thunnus albacares",970,80,0,0,0,0,0,0,0,0,0,0.41,4.33,0,0,0,0,0,0,0,0,0,0,0,0,0,0,0,0,0,0
614,614125,"10/27/2003",4,2003,21.65,-110.68,26.77778,"Thunnus albacares",1020,15,0,0,0,0,0,0,0,0,0,0.44,0,0,0,0,0,0,0,0,0,0,0,0,0,0,0,0,0,0,0
614,614126,"10/27/2003",4,2003,21.65,-110.68,26.77778,"Thunnus albacares",1010,100,0,1.95,0,0,0,0,0,0,0,5.37,0,0,0,0,0,0,0,0,0,0,0,0,0,0,0,0,0,0,0
614,614127,"10/27/2003",4,2003,21.65,-110.68,26.77778,"Thunnus albacares",974,25,0,0,0,0,0,0,0,0,0,0,0.2,0,0,1.99,0,0,0,0,0,0,0,0,0,0,0,0,0,0,0
614,614128,"10/27/2003",4,2003,21.65,-110.68,26.77778,"Thunnus albacares",951,20,0,0,0,0,0,0,0,0,0,0,1.77,0,0,0,0,0,0,0,0,0,0,0,0,0,0,0,0,0,0
614,614129,"10/27/2003",4,2003,21.65,-110.68,26.77778,"Thunnus albacares",971,70,0,0,0,0,0,0,0,0,0,0,2.3,0,0,0,0,0,0,0,0,0,0,0,0,0,0,0,0,0,0
614,614130,"10/27/2003",4,2003,21.65,-110.68,26.77778,"Thunnus albacares",955,40,0,0,0,0,0,0,0,0,0,0,0,0,0,11.9,0,0,0,0,0,0,0,0,0,0,0,0,0,0,0
614,614131,"10/27/2003",4,2003,21.65,-110.68,26.77778,"Thunnus albacares",979,75,0,0,0,0,0,0,0,0,0,0,5.95,0,0,0,0,0,0,0,0,0,0,0,0,0,0,0,0,0,0
614,614132,"10/27/2003",4,2003,21.65,-110.68,26.77778,"Thunnus albacares",842,15,0,0,0,0,0,0,0,0,0,0,0.09,0,0,0,0,0,0,0,0,0,0,0,0,0,0,0,0,0,0
614,614133,"10/27/2003",4,2003,21.65,-110.68,26.77778,"Thunnus albacares",884,75,0,1.21,0,0,0,0,0,0,0,0,0,0,0,13.96,0,0,0,0,0,0,0,0,0,0,0,0,0,0,0
715,715134,"4/09/2004",2,2004,7.48,-79.65,25,"Thunnus albacares",618,25,0,0,0,0,0,0,0,0,0,0,0,0,0,0,0,0,0,0,0,0,0,0,0,0.5,0,0,0,0,0
716,716135,"4/24/2004",2,2004,7.8,-79.27,25.7,"Thunnus albacares",956,25,0,0,0,0,0,0,0,0,0,0,0,0,0,0,0,0,0,0,1.6,0,0,0,0,1.4,0,0,0,0,0
716,716136,"4/24/2004",2,2004,7.8,-79.27,25.7,"Thunnus albacares",951,50,0,0,0,0,0,0,0,0,0,0,0,0,0,0,0,0,0,0,0,0,0,0,0,2.5,0,0,0,0,0
716,716137,"4/24/2004",2,2004,7.8,-79.27,25.7,"Thunnus albacares",963,75,0,0,3.5,0,0,0,0,0,0,0,0,0,0,0,0,0,0,0,8.6,0,0,0,0,2.1,0,0,0,0,0
716,716138,"4/24/2004",2,2004,7.8,-79.27,25.7,"Thunnus albacares",600,25,0,0,0,0,0,0,0,0,0,0,0,0,0,0,0,0,0,0,0,0,0,0,0,1.2,0,0,0,0,0
716,716139,"4/24/2004",2,2004,7.8,-79.27,25.7,"Thunnus albacares",632,25,0,0,0,0,0,0,0,0,0,0,0,0,0,0,0,0,0,0,0,1.5,0,0,0,0.5,0,0,0,0,0
716,716140,"4/24/2004",2,2004,7.8,-79.27,25.7,"Thunnus albacares",593,50,0,0,0,0,0,0,0,0,0,0,0,0,0,0,0,0,0,0,0,0,0,0.1,0,1.3,0,0,0,0,0
716,716141,"4/24/2004",2,2004,7.8,-79.27,25.7,"Thunnus albacares",574,25,0,0,0.3,0,0,0,0,0,0,0,0,0,0,0,0,0,0,0,0,0,0,0,0,0.5,0,0,0,0,0
716,716142,"4/24/2004",2,2004,7.8,-79.27,25.7,"Thunnus albacares",610,50,0,0,1.8,0,0,0,0,0,0,0,0,0,0,0,0,0,0,0,0,0,0,0,0,0,0,0,0,0,0
717,717143,"4/27/2004",2,2004,7.57,-78.67,26.6,"Thunnus albacares",632,100,0,0,0,0,0,0,0,0,0,0,0,0,0,0,0,0,163.9,0,0,0,0,0,0,0,0,0,0,0,0
717,717144,"4/27/2004",2,2004,7.57,-78.67,26.6,"Thunnus albacares",646,75,0,0,0,0,0,0,0,0,0,0,0,0,0,0,0,0,252.9,0,0,0,0,0,0,0,0,0,0,0,0
717,717145,"4/27/2004",2,2004,7.57,-78.67,26.6,"Thunnus albacares",666,75,0,0,0,0,0,0,0,0,0,0,0,0,0,0,0,0,156.6,0,0,0,0,0,0,0,0,0,0,0,0
717,717146,"4/27/2004",2,2004,7.57,-78.67,26.6,"Thunnus albacares",660,75,0,0,0,0,0,0,0,0,0,0,0,0,0,0,0,0,77.5,0,0,0,0,0,0,0,0,0,0,0,0
717,717147,"4/27/2004",2,2004,7.57,-78.67,26.6,"Thunnus albacares",658,75,0,0,0,0,0,0,0,0,0,0,0,0,0,0,0,0,82.1,0,0,0,0,0,0,0,0,0,0,0,0
717,717148,"4/27/2004",2,2004,7.57,-78.67,26.6,"Thunnus albacares",665,100,0,0,0,0,0,0,0,0,0,0,0,0,0,0,0,0,215.8,0,0,0,0,0,0,0,0,0,0,0,0
717,717149,"4/27/2004",2,2004,7.57,-78.67,26.6,"Thunnus albacares",630,75,0,0,0,0,0,0,0,0,0,0,0,0,0,0,0,0,151.7,0,0,0,0,0,0,0,0,0,0,0,0
717,717150,"4/27/2004",2,2004,7.57,-78.67,26.6,"Thunnus albacares",635,75,0,0,0,0,0,0,0,0,0,0,0,0,0,0,0,0,188.3,0,0,0,0,0,0,0,0,0,0,0,0
818,818151,"3/14/2004",1,2004,9.55,-103.22,27.94444,"Thunnus albacares",729,30,0,0,0,0,0,0,0,0,0,0,0,0,0,0,0,0,0,0,0,0,0,0,0,0.19,0,0,0,0,0
818,818152,"3/14/2004",1,2004,9.55,-103.22,27.94444,"Thunnus albacares",792,10,0,0,0,0,0,0,0,0,0,0,0,0,0,0,0,0,0,0,0,0,0,0,0,0.03,0,0,0,0,0
818,818153,"3/14/2004",1,2004,9.55,-103.22,27.94444,"Thunnus albacares",632,25,0,0,0,0,0,0,0,0,0,0,0,0,0,0,0,0,0,0,0,0,0,0,0,0.18,0,0,0,0,0
818,818154,"3/14/2004",1,2004,9.55,-103.22,27.94444,"Thunnus albacares",549,15,0,0,0,0,0,0,0,0,0,0,0,0,0,0,0,0,0,0,0,3.61,0,0,0,0,0,0,0,0,0
818,818155,"3/14/2004",1,2004,9.55,-103.22,27.94444,"Thunnus albacares",539,20,3.25,0,0,0,0,0,0,0,0,0,0,0,0,0,0,0,0,0,0,0,0,0,0,0,0,0,0,0,0
818,818156,"3/14/2004",1,2004,9.55,-103.22,27.94444,"Thunnus albacares",480,20,0,0,0,0,0,0,0,0,0,0,0,0,0,0,0,0,0,0,0,0.12,0,0,0,0,0,0,0,0,0
819,819157,"3/15/2004",1,2004,13.4,-101.77,28.61111,"Thunnus albacares",689,50,0,0,0,0,0,0,0,0,0,0,0,0,0,0.49,0,0,0,0,0,0,0,0,0,0,0,0,0,0,0
819,819158,"3/15/2004",1,2004,13.4,-101.77,28.61111,"Thunnus albacares",736,80,0,0,0,0,0,0,0,0,0,0,1.03,0,0,0,0,0,0,0,0,0,0,0,0,0,0,0,0,0,0
819,819159,"3/15/2004",1,2004,13.4,-101.77,28.61111,"Thunnus albacares",651,50,0,0,0,0,0,0,0,0,0,0,0,0,0.1,0,0,0,0,0,0,0,0,0,0,0,0,0,0,0,0
819,819160,"3/15/2004",1,2004,13.4,-101.77,28.61111,"Thunnus albacares",516,50,0,0,0,0,0,0,0,0,0,0,0,0,0,0,0,0,0,0,0,0,0,0,0.46,0,0,0,0,0,0
819,819161,"3/15/2004",1,2004,13.4,-101.77,28.61111,"Thunnus albacares",681,100,0,0,0,0,0,0,0,0,0,0,0,0,0,0,0,0,0,0,0,0,0,0,0,0,0,0,0,10.13,0
819,819162,"3/15/2004",1,2004,13.4,-101.77,28.61111,"Thunnus albacares",557,30,0,0,0,0,0,0,0,0,0,0,0,0,0,0,0,0,0,0,0,0,0,0,1.99,0,0,0,0,0,0
820,820163,"3/16/2004",1,2004,16.12,-101.53,28.38889,"Thunnus albacares",687,90,0,0,0,0,0,0,0,0,0,0,0,0,0,0,0,0,0,0,0,0,0,0,0,0,0,0.26,0,0,0
820,820164,"3/16/2004",1,2004,16.12,-101.53,28.38889,"Thunnus albacares",736,30,0,0,0,0,0,0,0,0,0,4.22,0,0,0,0,0,0,0,0,0,0,0,0,0,0,0,0,0,0,0
820,820165,"3/16/2004",1,2004,16.12,-101.53,28.38889,"Thunnus albacares",482,30,0,0,0,0,0,0,0,0,0,0,0,0,0,0,0,0,0,0,0,0,0,0,0,0,0,0.08,0,0,0
820,820166,"3/16/2004",1,2004,16.12,-101.53,28.38889,"Thunnus albacares",521,25,0,0,0,0,0,0,0,0,0,0,0,0,0,0,0,0,0,0,0,1.15,0,0,0,0,0,0,0,0,0
821,821167,"3/19/2004",1,2004,14.63,-97.73,28.94444,"Thunnus albacares",703,50,17.23,0,0,0,0,0,0,0,0,0,0,0,0,0,0,0,0,0,0,0,0,0,0,0,0,0,0,0,0
821,821168,"3/19/2004",1,2004,14.63,-97.73,28.94444,"Thunnus albacares",694,50,21.84,0,0,0,0,0,0,0,0,0,0,0,0,0,0,0,0,0,0,0,0,0,0,0,0,0,0,0,0
821,821169,"3/19/2004",1,2004,14.63,-97.73,28.94444,"Thunnus albacares",669,30,25.68,0,0,0,0,0,0,0,0,0,0,0,0,0,0,0,0,0,0,0,0,0,0,0,0,0,0,0,0
821,821170,"3/19/2004",1,2004,14.63,-97.73,28.94444,"Thunnus albacares",675,50,11.28,0,0,0,0,0,0,0,0,0,0,0,0,0,0,0,0,0,0,6.18,0,0,0,0,0,0,0,0,0
821,821171,"3/19/2004",1,2004,14.63,-97.73,28.94444,"Thunnus albacares",721,70,25.8,0,0,0,0,0,0,0,0,0,0,0,0,0,0,0,0,0,0,0,0,0,0,0,0,0,0,0,0
821,821172,"3/19/2004",1,2004,14.63,-97.73,28.94444,"Thunnus albacares",669,60,0,0,0,0,0,0,0,0,0,0,0,0,0,0,0,0,0,0,0,16.22,0,0,0,0,0,0,0,0,0
821,821173,"3/19/2004",1,2004,14.63,-97.73,28.94444,"Thunnus albacares",532,40,7.04,0,0,0,0,0,0,0,0,0,0,0,0,0,0,0,0,0,0,0,0,0,0,0,0,0,0,0,0
821,821174,"3/19/2004",1,2004,14.63,-97.73,28.94444,"Thunnus albacares",499,15,4.52,0,0,0,0,0,0,0,0,0,0,0,0,0,0,0,0,0,0,0,0,0,0,0,0,0,0,0,0
821,821175,"3/19/2004",1,2004,14.63,-97.73,28.94444,"Thunnus albacares",534,5,0.66,0,0,0,0,0,0,0,0,0,0,0,0,0,0,0,0,0,0,0,0,0,0,0,0,0,0,0,0
821,821176,"3/19/2004",1,2004,14.63,-97.73,28.94444,"Thunnus albacares",729,50,18.84,0,0,0,0,0,0,0,0,0,0,0,0,6.54,0,0,0,0,0,0,0,0,0,0,0,0,0,0,0
821,821177,"3/19/2004",1,2004,14.63,-97.73,28.94444,"Thunnus albacares",772,60,20,0,0,0,0,0,0,0,0,0,0,0,0,0,0,0,0,0,0,0.12,0,0,0,0,0,0,0,0,0
821,821178,"3/19/2004",1,2004,14.63,-97.73,28.94444,"Thunnus albacares",695,70,0,0,0,0,0,0,0,0,0,0,0,0,0,0,0,0,0,0,0,32.98,0,0,0,0,0,0,0,0,0
821,821179,"3/19/2004",1,2004,14.63,-97.73,28.94444,"Thunnus albacares",819,70,19.78,0,0,0,0,0,0,0,0,0,0,0,0,0,0,0,0,0,0,0,0,0,0,0,0,0,0,0,0
821,821180,"3/19/2004",1,2004,14.63,-97.73,28.94444,"Thunnus albacares",744,25,4.69,0,0,0,0,0,0,0,0,0,0,0,0,0,0,0,0,0,0,3.02,0,0,0,0,0,0,0,0,0
821,821181,"3/19/2004",1,2004,14.63,-97.73,28.94444,"Thunnus albacares",691,40,14.98,0,0,0,0,0,0,0,0,0,0,0,0,4.28,0,0,0,0,0,0,0,0,0,0,0,0,0,0,0
922,922182,"5/31/2004",2,2004,14.73,-121.12,26.61111,"Thunnus albacares",805,20,0,0,0,0,0,0,0,0,0,0,0,0,0,0,0,0,0,0,0,0,37.72,0,0,0,0,0,0,0,0
922,922183,"5/31/2004",2,2004,14.73,-121.12,26.61111,"Thunnus albacares",660,50,0,0,0,0,0,0,0,0,0,0,0,0,0,0,0,0,0,0,0,0,19.69,0,0,0,0,0,0,0,0
922,922184,"5/31/2004",2,2004,14.73,-121.12,26.61111,"Thunnus albacares",691,50,0,0,0,0,0,0,0,0,0,0,0,0,0,0,0,0,0,0,0,0,32.47,0,0,0,0,0,0,0,0
922,922185,"5/31/2004",2,2004,14.73,-121.12,26.61111,"Thunnus albacares",743,80,0,0,0,0,0,0,0,0,0,0,0,0,0,0,0,0,0,0,0,0,53.3,0,0,0,0,0,0,0,0
922,922186,"5/31/2004",2,2004,14.73,-121.12,26.61111,"Thunnus albacares",782,100,0,0,0,0,0,0,0,0,0,2.51,0,0,0,0,0,0,0,0,0,0,62.71,0,0,0,0,0,0,0,0
922,922187,"5/31/2004",2,2004,14.73,-121.12,26.61111,"Thunnus albacares",651,30,0,0,0,0,0,0,0,0,0,0,0,0,0,0,0,0,0,0,0,0,2.2,0,0,0,0,0,0,0,0
922,922188,"5/31/2004",2,2004,14.73,-121.12,26.61111,"Thunnus albacares",719,100,0,0,0,0,0,0,0,0,0,0,0,0,0,0,0,0,0,0,0,0,47,0,0,0,0,0,0,0,0
922,922189,"5/31/2004",2,2004,14.73,-121.12,26.61111,"Thunnus albacares",920,1,0,0,0,0,0,0,0,0,0,0,0,0,0,0,0,0,0,0,0,0,23.16,0,0,0,0,0,0,0,0
922,922190,"5/31/2004",2,2004,14.73,-121.12,26.61111,"Thunnus albacares",1074,100,0,0,0,0,0,0,0,0,0,0,0,0,0,0,0,0,0,0,0,0,88.95,0,0,0,0,0,0,0,0
922,922191,"5/31/2004",2,2004,14.73,-121.12,26.61111,"Thunnus albacares",651,20,0,0,0,0,0,0,0,0,0,0,0,0,0,0,0,0,0,0,0,0,10.8,0,0,0,0,0,0,0,0
922,922192,"5/31/2004",2,2004,14.73,-121.12,26.61111,"Thunnus albacares",797,2,0,0,0,0,0,0,0,0,0,0,0,0,0,0,0,0,0,0,0,0,37.46,0,0,0,0,0,0,0,0
922,922193,"5/31/2004",2,2004,14.73,-121.12,26.61111,"Thunnus albacares",643,100,0,0,0,0,0,0,0,0,0,0,0,0,0,0,0,0,0,0,0,0,25.08,0,0,0,0,0,0,0,0
922,922194,"5/31/2004",2,2004,14.73,-121.12,26.61111,"Thunnus albacares",609,100,0,0,0,0,0,0,0,0,0,0,0,0,0,0,0,0,0,0,0,0,30.46,0,0,0,0,0,0,0,0
1023,1023195,"6/17/2004",2,2004,5.35,-122.07,27.4,"Thunnus albacares",642,100,0,0,0,0,0,0,0,0,0,0,0,0,0,0,0,0,0,0,0,0,0,0,0,0,150.4,0,0,0,0
1124,1124196,"6/13/2004",2,2004,16.25,-106.27,29.44444,"Thunnus albacares",801,5,0,0,0,0,0,0,0,0,0,3.68,0,0.3,0,0,0,0,0,0,0,0,0,0,0,0,0,0,0,0,0
1124,1124197,"6/13/2004",2,2004,16.25,-106.27,29.44444,"Thunnus albacares",786,5,0,0,0,0,0,0,0,0,0,0,0,0,0,0.43,0,0,0,0,0,0,0,0,0,0,0,0,0,0,0
1124,1124198,"6/13/2004",2,2004,16.25,-106.27,29.44444,"Thunnus albacares",691,5,0,0,0,0,0,0,0,0,0,0,0,0.3,0,1.03,0,0,0,0,0,0,0,0,0,0,0,0,0,0,0
1124,1124199,"6/13/2004",2,2004,16.25,-106.27,29.44444,"Thunnus albacares",669,50,0,0,0,0,0,0,0,0,0,13.75,0,0,0,12.25,0,0,0,0,0,0,0,0,0,0,0,0,0,0,0
1124,1124200,"6/13/2004",2,2004,16.25,-106.27,29.44444,"Thunnus albacares",777,10,0,0,0,0,0,0,0,0,0,3.14,0,0,0,0,0,0,0,0,0,0,0,0,0,0,0,0,0,0,0
1125,1125201,"6/23/2004",2,2004,21.12,-114.6,23.22222,"Thunnus albacares",488,5,0,0,0,0,0,0,0,0,0,0,4,0,0,0,0,0,0,0,0,0,0,0,0,0,0,0,0,0,0
1125,1125202,"6/23/2004",2,2004,21.12,-114.6,23.22222,"Thunnus albacares",653,50,0,0,0,0,0,0,0,0,0,0,8.59,0,0,0,0,0,0,0,0,0,0,0,0,0,0,0,0,0,0
1125,1125203,"6/23/2004",2,2004,21.12,-114.6,23.22222,"Thunnus albacares",536,100,0,0,0,0,0,0,0,0,0,0,37.95,0,0,0,0,0,0,0,0,0,0,0,0,0,0,0,0,0,0
1125,1125204,"6/23/2004",2,2004,21.12,-114.6,23.22222,"Thunnus albacares",609,30,0,0,0,0,0,0,0,0,0,0,0.05,0,0,0,0,0,0,0,0,0,0,0,0,0,0,0,0,0,0
1125,1125205,"6/23/2004",2,2004,21.12,-114.6,23.22222,"Thunnus albacares",526,1,0,0,0,0,0,0,0,0,0,0,1,0,0,0,0,0,0,0,0,0,0,0,0,0,0,0,0,0,0
1125,1125206,"6/23/2004",2,2004,21.12,-114.6,23.22222,"Thunnus albacares",628,80,0,0,0,0,0,0,0,0,0,0,23.17,0,0,0,0,0,0,0,0,0,0,0,0,0,0,0,0,0,0
1125,1125207,"6/23/2004",2,2004,21.12,-114.6,23.22222,"Thunnus albacares",526,60,0,0,0,0,0,0,0,0,0,0,23.96,0,0,0,0,0,0,0,0,0,0,0,0,0,0,0,0,0,0
1125,1125208,"6/23/2004",2,2004,21.12,-114.6,23.22222,"Thunnus albacares",492,1,0,0,0,0,0,0,0,0,0,0,1.73,0,0,0,0,0,0,0,0,0,0,0,0,0,0,0,0,0,0
1125,1125209,"6/23/2004",2,2004,21.12,-114.6,23.22222,"Thunnus albacares",778,1,0,0,0,0,0,0,0,0,0,0,2.22,0,0,0,0,0,0,0,0,0,0,0,0,0,0,0,0,0,0
1125,1125210,"6/23/2004",2,2004,21.12,-114.6,23.22222,"Thunnus albacares",462,90,0,0,0,0,0,0,0,0,0,0,7.5,0,0,0,0,0,0,0,0,0,0,0,0,0,0,0,0,0,0
1125,1125211,"6/23/2004",2,2004,21.12,-114.6,23.22222,"Thunnus albacares",486,80,0,0,0,0,0,0,0,0,0,0,13.31,0,0,0,0,0,0,0,0,0,0,0,0,0,0,0,0,0,0
1126,1126212,"7/02/2004",3,2004,17.7,-114.25,26.61111,"Thunnus albacares",708,100,0,0,0,0,0,0,0,0,0,0,0.67,0,0,0,0,0,0,0,0,0,0,0,0,0,0,0,0,0,0
1126,1126213,"7/02/2004",3,2004,17.7,-114.25,26.61111,"Thunnus albacares",600,100,0,0,0,0,0,0,0,0,0,0,7.85,0,0,0,0,0,0,0,0,0,0,0,0,0,0,0,0,0,0
1126,1126214,"7/02/2004",3,2004,17.7,-114.25,26.61111,"Thunnus albacares",651,100,0,0,0,0,0,0,0,0,0,0,39.5,0,0,0,0,0,0,0,0,0,0,0,0,0,0,0,0,0,0
1126,1126215,"7/02/2004",3,2004,17.7,-114.25,26.61111,"Thunnus albacares",548,100,0,0,0,0,0,0,0,0,0,0,3.24,0,0,0,0,0,0,0,0,0,0,0,0,0,0,0,0,0,0
1126,1126216,"7/02/2004",3,2004,17.7,-114.25,26.61111,"Thunnus albacares",618,100,0,0,0,0,0,0,0,0,0,0,0.6,0,0,0,0,0,0,0,0,0,0,0,0,0,0,0,0,0,0
1126,1126217,"7/02/2004",3,2004,17.7,-114.25,26.61111,"Thunnus albacares",653,50,0,0,0,0,0,0,0,0,0,0,15.03,0,0,0,0,0,0,0,0,0,0,0,0,0,0,0,0,0,0
1126,1126218,"7/02/2004",3,2004,17.7,-114.25,26.61111,"Thunnus albacares",606,5,0,0,0,0,0,0,0,0,0,0,0.5,0,0,0,0,0,0,0,0,0,0,0,0,0,0,0,0,0,0
1126,1126219,"7/02/2004",3,2004,17.7,-114.25,26.61111,"Thunnus albacares",590,30,0,0,0,0,0,0,0,0,0,0,0.29,0,0,0,0,0,0,0,0,0,0,0,0,0,0,0,0,0,0
1227,1227220,"7/14/2004",3,2004,7.17,-111.95,27.77778,"Thunnus albacares",546,100,0,0,0,0,0,0,0,0,0,0,0,0,0,0,0,0,0,0,0,0,0,0,12.7,0,0,0,0,0,0
1328,1328221,"7/13/2004",3,2004,18.08,-119.6,24.94444,"Thunnus albacares",590,70,0,0,0,0,0,0,0,0,0,0,28.65,0,0,0,0,0,0,0,0,0,4.99,0,0,0,0,0,0,0,0
1328,1328222,"7/13/2004",3,2004,18.08,-119.6,24.94444,"Thunnus albacares",510,5,0,0,0,0,0,0,0,0,0,0,5.6,0,0,0,0,0,0,0,0,0,0,0,0,0,0,0,0,0,0
1328,1328223,"7/13/2004",3,2004,18.08,-119.6,24.94444,"Thunnus albacares",540,30,0,0,0,0,0,0,0,0,0,0,10.63,0,0,0,0,0,0,0,0,0,0,0,0,0,0,0,0,0,0
1328,1328224,"7/13/2004",3,2004,18.08,-119.6,24.94444,"Thunnus albacares",500,30,0,0,0,0,0,0,0,0,0,0,4.6,0,0,0,0,0,0,0,0,0,0,0,0,0,0,0,0,0,0
1328,1328225,"7/13/2004",3,2004,18.08,-119.6,24.94444,"Thunnus albacares",490,5,0,0,0,0,0,0,0,0,0,0,0.51,0,0,0,0,0,0,0,0,0,0,0,0,0,0,0,0,0,0
1328,1328226,"7/13/2004",3,2004,18.08,-119.6,24.94444,"Thunnus albacares",520,40,0,0,0,0,0,0,0,0,0,0,21.27,0,0,0,0,0,0,0,0,0,0,0,0,0,0,0,0,0,0
1329,1329227,"8/16/2004",3,2004,18.15,-116.95,28.16667,"Thunnus albacares",1200,25,0,0,0,0,0,0,0,0,0,0,0,0,0,0,0,0,0,0,0,0,9.25,0,0,0,0,0,0,0,0
1329,1329228,"8/16/2004",3,2004,18.15,-116.95,28.16667,"Thunnus albacares",895,15,0,0,0,0,0,0,0,0,0,0,0,0,0,0,0,0,0,0,0,0,7.78,0,0,0,0,0,0,0,0
1329,1329229,"8/16/2004",3,2004,18.15,-116.95,28.16667,"Thunnus albacares",1114,10,0,0,0,0,0,0,0,0,0,0,0,0,0,0,0,0,0,0,0,0,0,0,0,0,35.09,0,0,0,0
1329,1329230,"8/16/2004",3,2004,18.15,-116.95,28.16667,"Thunnus albacares",899,1,0,0,0,0,0,0,0,0,0,0,0,0,0,0,0,0,0,0,0,0,15.34,0,0,0,0,0,0,0,0
1329,1329231,"8/16/2004",3,2004,18.15,-116.95,28.16667,"Thunnus albacares",886,30,0,0,0,0,0,0,0,0,0,0,0,0,0,0,0,0,0,0,0,0,26.5,0,0,0,0,0,0,0,0
1329,1329232,"8/16/2004",3,2004,18.15,-116.95,28.16667,"Thunnus albacares",1061,40,0,0,0,0,0,0,0,0,0,0,0,0,0,0,0,0,0,0,0,0,40.3,0,0,0,0,0,0,0,0
1329,1329233,"8/16/2004",3,2004,18.15,-116.95,28.16667,"Thunnus albacares",711,20,0,0,0,0,0,0,0,0,0,0,0,0,0,0,0,0,0,0,0,0,6.03,0,0,0,0,0,0,0,0
1329,1329234,"8/16/2004",3,2004,18.15,-116.95,28.16667,"Thunnus albacares",659,2,0,0,0,0,0,0,0,0,0,0,0,0,0,0,0,0,0,0,0,0,3.41,0,0,0,0,0,0,0,0
1329,1329235,"8/16/2004",3,2004,18.15,-116.95,28.16667,"Thunnus albacares",718,5,0,0,0,0,0,0,0,0,0,0,3,0,0,0,0,0,0,0,0,0,0,0,0,0,0,0,0,0,0
1329,1329236,"8/16/2004",3,2004,18.15,-116.95,28.16667,"Thunnus albacares",695,5,0,0,0,0,0,0,0,0,0,0,0,0,0,0,0,0,0,0,0,0,2.06,0,0,0,0,0,0,0,0
1330,1330237,"8/29/2004",3,2004,10.43,-112.8,28.22222,"Thunnus albacares",814,5,0,0,0,0,0,0,0,0,0,0,0.03,0,0,0,0,0,0,0,0,0,0,0,0,0,0,0,0,0,0
1330,1330238,"8/29/2004",3,2004,10.43,-112.8,28.22222,"Thunnus albacares",706,10,0,0,0,0,0,0,0,0,0,0,1.1,0,0,0,0,0,0,0,0,0,0,0,0,0,0,0,0,0,0
1330,1330239,"8/29/2004",3,2004,10.43,-112.8,28.22222,"Thunnus albacares",769,5,0,0,0,0,0,0,0,0,0,0,0.72,0,0,0,0,0,0,0,0,0,0,0,0,0,0,0,0,0,0
1330,1330240,"8/29/2004",3,2004,10.43,-112.8,28.22222,"Thunnus albacares",715,10,0,0,0,0,0,0,0,0,0,0,2.57,0,0,0,0,0,0,0,0,0,0,0,0,0,0,0,0,0,0
1330,1330241,"8/29/2004",3,2004,10.43,-112.8,28.22222,"Thunnus albacares",855,15,0,0,0,0,0,0,0,0,0,0,6.35,0,0,0,0,0,0,0,0,0,0,0,0,0,0,0,0,0,0
1330,1330242,"8/29/2004",3,2004,10.43,-112.8,28.22222,"Thunnus albacares",881,1,0,0,0,0,1.81,0,0,0,0,0,0,0,0,0,0,0,0,0,0,0,0,0,0,0,0,0,0,0,0
1330,1330243,"8/29/2004",3,2004,10.43,-112.8,28.22222,"Thunnus albacares",877,90,0,0,0,0,0,0,0,0,0,0,0,0,0,0,0,0,0,0,0,0,0,0,0,0,155.33,0,0,0,0
1330,1330244,"8/29/2004",3,2004,10.43,-112.8,28.22222,"Thunnus albacares",568,10,0,0,0,0,0,0,0,0,0,1.36,0,0,0,0,0,0,0,0,0,0,0,0,0,0,0,0,0,0,0
1330,1330245,"8/29/2004",3,2004,10.43,-112.8,28.22222,"Thunnus albacares",1069,20,0,0,0,0,0,0,0,0,0,0,0,0,0,0,0,0,0,0,0,0,0,0,0,0,0,0,0,11.38,0
1431,1431246,"7/24/2004",3,2004,5.62,-112.55,27.8,"Thunnus albacares",529,100,0,0,0,0,0,0,0,0,0,0,0,0,0,26.3,0,0,0,0,0,0,0,0,0,0,173,0,0,0,0
1431,1431247,"7/24/2004",3,2004,5.62,-112.55,27.8,"Thunnus albacares",578,75,0,0,0,0,0,0,0,0,0,15.8,0,0,0,0,0,0,0,0,0,0,0,0,0,0,0,0,0,0,0
1431,1431248,"7/24/2004",3,2004,5.62,-112.55,27.8,"Thunnus albacares",474,100,0,0,0,0,0,0,0,0,0,0,0,0,0,0,0,0,0,0,0,0,0,0,0,0,84.3,0,0,0,0
1532,1532249,"8/04/2004",3,2004,11.65,-107.35,28.77778,"Thunnus albacares",871,50,0,0,0,0,0,0,0,0,0,0,17.7,0,0,0,0,0,0,0,0,0,0,0,0,0,0,0,0,0,0
1532,1532250,"8/04/2004",3,2004,11.65,-107.35,28.77778,"Thunnus albacares",763,50,0,0,0,0,0,0,0,0,0,0,18.8,0,0,0,0,0,0,0,0,0,0,0,0,0,0,0,0,0,0
1532,1532251,"8/04/2004",3,2004,11.65,-107.35,28.77778,"Thunnus albacares",825,100,0,0,0,0,0,0,0,0,0,0,24.22,0,0,0.35,0,0,0,0,0,0,0,0,0,0,0,0,0,0,0
1532,1532252,"8/04/2004",3,2004,11.65,-107.35,28.77778,"Thunnus albacares",900,30,0,0,0,0,0,0,0,0,0,0,38.46,0,0,0,0,0,0,0,0,0,0,0,0,0,0,0,0,0,0
1532,1532253,"8/04/2004",3,2004,11.65,-107.35,28.77778,"Thunnus albacares",863,100,0,0,0,0,0,0,0,0,0,0,48,0,0,0.11,0,0,0,0,0,0,0,0,0,0,0,0,0,0,0
1532,1532254,"8/04/2004",3,2004,11.65,-107.35,28.77778,"Thunnus albacares",1025,100,0,0,0,0,0,0,0,0,0,0,47.85,0,0,6.54,0,0,0,0,0,0,0,0,0,0,0,0,0,0,0
1532,1532255,"8/04/2004",3,2004,11.65,-107.35,28.77778,"Thunnus albacares",796,100,0,0,0,0,0,0,0,0,0,0,31.53,0,0,0,0,0,0,0,0,0,0,0,0,0,0,0,0,0,0
1532,1532256,"8/04/2004",3,2004,11.65,-107.35,28.77778,"Thunnus albacares",881,30,0,0,0,0,0,0,0,0,0,0,37,0,0,0,0,0,0,0,0,0,0,0,0,0,0,0,0,0,0
1532,1532257,"8/04/2004",3,2004,11.65,-107.35,28.77778,"Thunnus albacares",823,80,0,0,0,0,0,0,0,0,0,0,49.92,0,0,0,0,0,0,0,0,0,0,0,0,0,0,0,0,0,0
1532,1532258,"8/04/2004",3,2004,11.65,-107.35,28.77778,"Thunnus albacares",901,30,0,0,0,0,0,0,0,0,0,0,20.6,0,0,0,0,0,0,0,0,0,0,0,0,0,0,0,0,0,0
1532,1532259,"8/04/2004",3,2004,11.65,-107.35,28.77778,"Thunnus albacares",876,100,0,0,0,0,0,0,0,0,0,0,31.64,0,0,0,0,0,0,0,0,0,0,0,0,0,0,0,0,0,0
1532,1532260,"8/04/2004",3,2004,11.65,-107.35,28.77778,"Thunnus albacares",776,30,0,0,0,0,0,0,0,0,0,0,9.74,0,0,0,0,0,0,0,0,0,0,0,0,0,0,0,0,0,0
1532,1532261,"8/04/2004",3,2004,11.65,-107.35,28.77778,"Thunnus albacares",850,50,0,0,0,0,0,0,0,0,0,0,42,0,0,0,0,0,0,0,0,0,0,0,0,0,0,0,0,0,0
1532,1532262,"8/04/2004",3,2004,11.65,-107.35,28.77778,"Thunnus albacares",872,40,0,0,0,0,0,0,0,0,0,0,28,0,0,0,0,0,0,0,0,0,0,0,0,0,0,0,0,0,0
1532,1532263,"8/04/2004",3,2004,11.65,-107.35,28.77778,"Thunnus albacares",858,100,0,0,0,0,0,0,0,0,0,0,12.88,0,0,0.77,0,0,0,0,0,0,0,0,0,0,0,0,0,0,0
1533,1533264,"8/06/2004",3,2004,8.85,-106.93,28.22222,"Thunnus albacares",1243,10,0,0,0,0,0,0,0,0,0,0,0,0,0,0,0,0,0,0,0,0,0,0,0.25,0,0,0,0,0,0
1533,1533265,"8/06/2004",3,2004,8.85,-106.93,28.22222,"Thunnus albacares",590,10,0,0,0,0,0,0,0,0,0,0,0,0,0,0,0,0,0,0,0,0,0,0,0.15,0,0,0,0,0,0
1533,1533266,"8/06/2004",3,2004,8.85,-106.93,28.22222,"Thunnus albacares",851,30,0,0,0,0,0,0,0,0,0,0,0,0,0,0,0,0,0,0,0,0,0,0,0.58,0,0,0,0,0,0
1533,1533267,"8/06/2004",3,2004,8.85,-106.93,28.22222,"Thunnus albacares",915,20,0,0,0,0,0,0,0,0,0,0,0,0,0,0,0,0,0,0,0,0,0,0,0.58,0,0,0,0,0,0
1533,1533268,"8/06/2004",3,2004,8.85,-106.93,28.22222,"Thunnus albacares",497,20,0,0,0,0,0,0,0,0,0,0,0,0,0,0,0,0,0,0,0,0,0,0,0.86,0,0,0,0,0,0
1634,1634269,"7/21/2004",3,2004,19.02,-115.68,26.94444,"Thunnus albacares",1293,100,0,0,0,0,0,0,0,0,0,0,5.26,0,0,0,0,0,0,0,0,0,157.86,0,0,0,0,0,0,0,0
1634,1634270,"7/21/2004",3,2004,19.02,-115.68,26.94444,"Thunnus albacares",790,10,0,0,0,0,0,0,0,0,0,0,5.9,0,0,0,0,0,0,0,0,0,0,0,0,0,0,0,0,0,0
1634,1634271,"7/21/2004",3,2004,19.02,-115.68,26.94444,"Thunnus albacares",819,20,0,0,0,0,0,0,0,0,0,0,0,0,0,0,0,0,0,0,0,0,18.4,0,0,0,0,0,0,0,0
1634,1634272,"7/21/2004",3,2004,19.02,-115.68,26.94444,"Thunnus albacares",576,30,0,0,0,0,0,0,0,0,0,0,2.93,0,0,0,0,0,0,0,0,0,0,0,0,0,0,0,0,0,0
1635,1635273,"8/12/2004",3,2004,17.72,-116.48,27.61111,"Thunnus albacares",649,10,0,0,0,0,0,0,0,0,0,0,3.89,0,0,0,0,0,0,0,0,0,0,0,0,0,0,0,0,0,0
1635,1635274,"8/12/2004",3,2004,17.72,-116.48,27.61111,"Thunnus albacares",661,10,0,0,0,0,0,0,0,0,0,0,47.12,0,0,0,0,0,0,0,0,0,0,0,0,0,0,0,0,0,0
1635,1635275,"8/12/2004",3,2004,17.72,-116.48,27.61111,"Thunnus albacares",567,20,0,0,0,0,0,0,0,0,0,0,16.14,0,0,0,0,0,0,0,0,0,0,0,0,0,0,0,0,0,0
1635,1635276,"8/12/2004",3,2004,17.72,-116.48,27.61111,"Thunnus albacares",658,60,0,0,0,0,0,0,0,0,0,0,54.91,0,0,0,0,0,0,0,0,0,6.05,0,0,0,0,0,0,0,0
1635,1635277,"8/12/2004",3,2004,17.72,-116.48,27.61111,"Thunnus albacares",570,20,0,0,0,0,0,0,0,0,0,0,14.99,0,0,0,0,0,0,0,0,0,0,0,0,0,0,0,0,0,0
1635,1635278,"8/12/2004",3,2004,17.72,-116.48,27.61111,"Thunnus albacares",625,60,0,0,0,0,0,0,0,0,0,0,60.8,0,0,0,0,0,0,0,0,0,0,0,0,0,0,0,0,0,0
1635,1635279,"8/12/2004",3,2004,17.72,-116.48,27.61111,"Thunnus albacares",634,10,0,0,0,0,0,0,0,0,0,0,0.12,0,0,0,0,0,0,0,0,0,0,0,0,0,0,0,0,0,0
1635,1635280,"8/12/2004",3,2004,17.72,-116.48,27.61111,"Thunnus albacares",631,15,0,0,0,0,0,0,0,0,0,0,10,0,0,0,0,0,0,0,0,0,0,0,0,0,0,0,0,0,0
1635,1635281,"8/12/2004",3,2004,17.72,-116.48,27.61111,"Thunnus albacares",750,20,0,0,0,0,0,0,0,0,0,0,11.53,0,0,0,0,0,0,0,0,0,6.3,0,0,0,0,0,0,0,0
1635,1635282,"8/12/2004",3,2004,17.72,-116.48,27.61111,"Thunnus albacares",655,40,0,1.45,0,0,0,0,0,0,0,0,15.35,0,0,0,0,0,0,0,0,0,0,0,0,0,0,0,0,0,0
1636,1636283,"8/14/2004",3,2004,18.05,-117.25,27.22222,"Thunnus albacares",590,20,0,0,0,0,0,0,0,0,0,0,0,0,0,0,0,0,0,0,0,0,16.26,0,0,0,0,0,0,0,0
1636,1636284,"8/14/2004",3,2004,18.05,-117.25,27.22222,"Thunnus albacares",647,25,0,0,0,0,0,0,0,0,0,0,0,0,0,0,0,0,0,0,0,0,20.81,0,0,0,0,0,0,0,0
1636,1636285,"8/14/2004",3,2004,18.05,-117.25,27.22222,"Thunnus albacares",690,60,0,0,0,0,0,0,0,0,0,0,0,0,0,0,0,0,0,0,0,0,66,0,0,0,0,0,0,0,0
1636,1636286,"8/14/2004",3,2004,18.05,-117.25,27.22222,"Thunnus albacares",622,40,0,0,0,0,0,0,0,0,0,0,6.22,0,0,0,0,0,0,0,0,3.93,20.07,0,0,0,0,0,0,0,0
1636,1636287,"8/14/2004",3,2004,18.05,-117.25,27.22222,"Thunnus albacares",555,10,0,0,0,0,0,0,0,0,0,0,6.86,0,0,0,0,0,0,0,0,0,5.64,0,0,0,0,0,0,0,0
1636,1636288,"8/14/2004",3,2004,18.05,-117.25,27.22222,"Thunnus albacares",670,30,0,0,0,0,0,0,0,0,0,0,0,0,0,0,0,0,0,0,0,0,30.49,0,0,0,0,0,0,0,0
1636,1636289,"8/14/2004",3,2004,18.05,-117.25,27.22222,"Thunnus albacares",666,80,0,0,0,0,0,0,0,0,0,0,7.38,0,0,0,0,0,0,0,0,0,12.91,0,0,0,0,0,0,0,0
1636,1636290,"8/14/2004",3,2004,18.05,-117.25,27.22222,"Thunnus albacares",627,25,0,0,0,0,0,0,0,0,0,0,0,0,0,0,0,0,0,0,0,0,21.09,0,0,0,0,0,0,0,0
1636,1636291,"8/14/2004",3,2004,18.05,-117.25,27.22222,"Thunnus albacares",582,20,0,0,0,0,0,0,0,0,0,0,0,0,0,0,0,0,0,0,0,0,18.33,0,0,0,0,0,0,0,0
1636,1636292,"8/14/2004",3,2004,18.05,-117.25,27.22222,"Thunnus albacares",621,40,0,0,0,0,0,0,0,0,0,0,1.68,0,0,0,0,0,0,0,0,0,30.27,0,0,0,0,0,0,0,0
1636,1636293,"8/14/2004",3,2004,18.05,-117.25,27.22222,"Thunnus albacares",534,50,0,0,0,0,0,0,0,0,0,0,10.63,0,0,0,0,0,0,0,0,0,3.9,0,0,0,0,0,0,0,0
1636,1636294,"8/14/2004",3,2004,18.05,-117.25,27.22222,"Thunnus albacares",633,30,0,0,0,0,0,0,0,0,0,0,0,0,0,0,0,0,0,0,0,0,28.57,0,0,0,0,0,0,0,0
1636,1636295,"8/14/2004",3,2004,18.05,-117.25,27.22222,"Thunnus albacares",615,40,0,0,0,0,0,0,0,0,0,0,0.77,0,0,0,0,0,0,0,0,0,30.48,0,0,0,0,0,0,0,0
1737,1737296,"10/09/2004",4,2004,10.88,-119.32,28.33333,"Thunnus albacares",645,10,0,0,0,0,0,0,0,0,0,0,0,0,0,0,0,0,0,0,0,0,0,0,0,0,0,0,0,1.73,0
1737,1737297,"10/09/2004",4,2004,10.88,-119.32,28.33333,"Thunnus albacares",777,70,0,0,0,0,0,0,0,0,0,0,0,0,0,0,0,0,0,0,0,0,0,0,0,0,0,0,0,57.27,0
1737,1737298,"10/09/2004",4,2004,10.88,-119.32,28.33333,"Thunnus albacares",617,80,0,0,0,0,0,0,50.63,0,0,0,0,0,0,0,0,0,0,0,0,0,0,0,0,0,0,0,0,11.07,0
1737,1737299,"10/09/2004",4,2004,10.88,-119.32,28.33333,"Thunnus albacares",696,80,0,0,0,0,0,0,56.49,0,0,0,0,0,0,0,0,0,0,0,0,0,0,0,0,0,0,0,0,5.33,0
1737,1737300,"10/09/2004",4,2004,10.88,-119.32,28.33333,"Thunnus albacares",669,60,0,0,0,0,0,0,43.6,0,0,0,0,0,0,0,0,0,0,0,0,0,0,0,0,0,0,0,0,0,0
1838,1838301,"9/15/2004",3,2004,11.18,-122.52,28.33333,"Thunnus albacares",543,15,0,0,0,0,0,0,0,0,0,0,0,0,0,0,0,0,0,0,0,0,0,0,7.1,0,0,0,0,0,0
1838,1838302,"9/15/2004",3,2004,11.18,-122.52,28.33333,"Thunnus albacares",572,5,0,0,0,0,0,0,0,0,0,0,0,0,0,0,0,0,0,1.3,0,0,0,0,0,0,0,0,0,0,0
1838,1838303,"9/15/2004",3,2004,11.18,-122.52,28.33333,"Thunnus albacares",708,10,0,0,0,0,0,0,0,0,0,0,0,0,0,0,0,0,0,0,0,0,0,0,4.71,0,0,0,0,0,0
1838,1838304,"9/15/2004",3,2004,11.18,-122.52,28.33333,"Thunnus albacares",565,20,0,0,0,0,0,0,0,0,0,0,0,0,0,0,0,0,0,0,0,0,0,0,10,0,0,0,0,0,0
1838,1838305,"9/15/2004",3,2004,11.18,-122.52,28.33333,"Thunnus albacares",698,30,0,0,0,0,0,0,0,0,0,0,0,0,0,0,0,0,0,0,0,0,0,0,20,0,0,0,0,0,0
1838,1838306,"9/15/2004",3,2004,11.18,-122.52,28.33333,"Thunnus albacares",1135,30,0,0,0,0,0,0,0,0,0,0,0,0,0,0,0,0,0,84.4,0,0,0,0,0,0,0,0,0,0,0
1838,1838307,"9/15/2004",3,2004,11.18,-122.52,28.33333,"Thunnus albacares",827,10,0,0,0,0,0,0,0,0,0,0,0,0,0,0,0,0,0,0,0,0,0,0,6.46,0,0,0,0,0,0
1939,1939308,"8/24/2004",3,2004,10.3,-109.15,28.33333,"Thunnus albacares",1157,10,0,0,0,0,0,0,0,0,0,0,0,0,0,0,0,0,0,0,0,0,0,0,0,0,0,0.01,0,0,0
1939,1939309,"8/24/2004",3,2004,10.3,-109.15,28.33333,"Thunnus albacares",1247,50,0,0,0,0,0,0,0,0,0,0,0,0,0,0,1,0,0,0,0,0,0,0,0,0,0,0,0,0,0
1939,1939310,"8/24/2004",3,2004,10.3,-109.15,28.33333,"Thunnus albacares",872,10,0,0,0,0,0,0,0,0,2,0,0,0,0,0,0,1.16,0,0,0,0,0,0,0,0,0,0,0,0,0
1939,1939311,"8/24/2004",3,2004,10.3,-109.15,28.33333,"Thunnus albacares",829,10,0,0,0,0,0,0,0,0,0,0,0,0.01,0,0,0,0,0,0,0,0,0,0,0,0,0,0,0,0,0
1939,1939312,"8/24/2004",3,2004,10.3,-109.15,28.33333,"Thunnus albacares",669,10,0,0,0,0,0,0,0,0,0,0,0,0,0,0,0,0,0,0,0,0,0,0,0,1,0,0,0,0,0
1940,1940313,"9/25/2004",3,2004,9.37,-116.25,28.11111,"Thunnus albacares",1273,100,0,0,0,0,0,0,0,0,0,0,0,0,0,0,0,0,0,0,0,0,0,0,41.7,0,0,0,0,0.01,0
1940,1940314,"9/25/2004",3,2004,9.37,-116.25,28.11111,"Thunnus albacares",1185,10,0,0,0,0,0,0,0,0,0,0,0,0,0,0,0,0,0,0,0,0,12.3,0,0,0,0,0,0,0,0
1940,1940315,"9/25/2004",3,2004,9.37,-116.25,28.11111,"Thunnus albacares",1231,70,0,0,0,0,0,0,0,0,0,0,0,0,0,0,0,0,0,0,0,0,0,0,8.4,0,0,0,0,0,0
1940,1940316,"9/25/2004",3,2004,9.37,-116.25,28.11111,"Thunnus albacares",1093,80,0,0,0,0,0,0,0,0,0,0,0,0,0,0,0,0,0,0,0,0,0,0,58.89,0,0,0,0,0,0
1940,1940317,"9/25/2004",3,2004,9.37,-116.25,28.11111,"Thunnus albacares",934,100,0,0,0,0,0,0,0,0,0,0,0,0,0,0,0,0,0,0,0,0,0,0,115.7,0,0,0,0,0,0
1940,1940318,"9/25/2004",3,2004,9.37,-116.25,28.11111,"Thunnus albacares",589,90,0,0,0,0,0,0,0,0,0,0,0,0,0,0,0,0,0,0,0,0,0,0,10.9,0,0,0,0,0,0
1941,1941319,"9/27/2004",3,2004,11.67,-113,28.38889,"Thunnus albacares",928,20,0,0,0,0,0,0,0,0,0,0,20.71,0,0,0,0,0,0,0,0,0,0,0,0,0,0,0,0,0,0
1941,1941320,"9/27/2004",3,2004,11.67,-113,28.38889,"Thunnus albacares",938,90,0,0,0,0,0,0,0,0,0,0,135.36,0,0,0,0,0,0,0,0,0,0,0,0,0,0,0,0,0,0
1941,1941321,"9/27/2004",3,2004,11.67,-113,28.38889,"Thunnus albacares",906,80,0,0,0,0,0,0,0,0,0,0,85.94,0,0,0,0,0,0,0,0,0,0,0,0,0,0,0,0,0,0
1941,1941322,"9/27/2004",3,2004,11.67,-113,28.38889,"Thunnus albacares",885,50,0,0,0,0,0,0,0,0,0,0,50.24,0,0,0,0,0,0,0,0,0,0,0,0,0,0,0,0,0,0
1941,1941323,"9/27/2004",3,2004,11.67,-113,28.38889,"Thunnus albacares",823,50,0,0,0,0,0,0,0,0,0,0,41.19,0,0,0,0,0,0,0,0,0,0,0,0,0,0,0,0,0,0
1941,1941324,"9/27/2004",3,2004,11.67,-113,28.38889,"Thunnus albacares",886,40,0,0,0,0,0,0,0,0,0,0,38.64,0,0,0,0,0,0,0,0,0,0,0,0,0,0,0,0,0,0
1941,1941325,"9/27/2004",3,2004,11.67,-113,28.38889,"Thunnus albacares",920,40,0,0,0,0,0,0,0,0,0,0,81.84,0,0,0,0,0,0,0,0,0,0,0,0,0,0,0,0,0,0
1941,1941326,"9/27/2004",3,2004,11.67,-113,28.38889,"Thunnus albacares",797,20,0,0,0,0,0,0,0,0,0,0,17.54,0,0,0,0,0,0,0,0,0,0,0,0,0,0,0,0,0,0
1941,1941327,"9/27/2004",3,2004,11.67,-113,28.38889,"Thunnus albacares",955,80,0,0,0,0,0,0,0,0,0,0,95.3,0,0,0,0,0,0,0,0,0,0,0,0,0,0,0,0,0,0
1941,1941328,"9/27/2004",3,2004,11.67,-113,28.38889,"Thunnus albacares",951,20,0,0,0,0,0,0,0,0,0,0,27.39,0,0,0,0,0,0,0,0,0,0,0,0,0,0,0,0,0,0
1941,1941329,"9/27/2004",3,2004,11.67,-113,28.38889,"Thunnus albacares",866,40,0,0,0,0,0,0,0,0,0,0,46.85,0,0,0,0,0,0,0,0,0,0,0,0,0,0,0,0,0,0
1941,1941330,"9/27/2004",3,2004,11.67,-113,28.38889,"Thunnus albacares",898,90,0,0,0,0,0,0,0,0,0,0,0.5,0,0,0,0,0,0,0,0,0,0,0,0,0,185.96,0,0,0,0
1942,1942331,"10/05/2004",4,2004,10.95,-110.73,27.66667,"Thunnus albacares",1032,30,0,0,0,0,0,0,0,0,0,0,22.64,0,0,0,0,0,0,0,0,0,0,0,0,0,0,0,0,0,0
1942,1942332,"10/05/2004",4,2004,10.95,-110.73,27.66667,"Thunnus albacares",1113,30,0,0,0,0,0,0,0,0,0,0,36.13,0,0,0,0,0,0,0,0,0,0.1,0,0,0,0,0,0,0,0
1942,1942333,"10/05/2004",4,2004,10.95,-110.73,27.66667,"Thunnus albacares",972,40,0,0,0,0,0,0,0,0,0,0,53.47,0,0,0,0,0,0,0,0,0,0,0,0,0,0,0,0,0,0
1942,1942334,"10/05/2004",4,2004,10.95,-110.73,27.66667,"Thunnus albacares",921,30,0,0,0,0,0,0,0,0,0,0,23.6,0,0,0,0,0,0,0,0,0,0,0,0,0,0,0,0,0,0
1942,1942335,"10/05/2004",4,2004,10.95,-110.73,27.66667,"Thunnus albacares",922,30,0,0,0,0,0,0,0,0,0,0,39.01,0,0,0,0,0,0,0,0,0,1.08,0,0,0,0,0,0,0,0
1942,1942336,"10/05/2004",4,2004,10.95,-110.73,27.66667,"Thunnus albacares",852,40,0,0,0,0,0,0,0,0,0,0,32,0,0,0,0,0,0,0,0,0,5.05,0,0,0,0,0,0,0,0
1942,1942337,"10/05/2004",4,2004,10.95,-110.73,27.66667,"Thunnus albacares",947,100,0,0,0,0,0,0,0,0,0,0,2.01,0,0,0,0,0,0,0,0,0,0,0,0,0,0,0,0,30.02,0
1942,1942338,"10/05/2004",4,2004,10.95,-110.73,27.66667,"Thunnus albacares",924,10,0,0,0,0,0,0,0,0,0,0,42.15,0,0,0,0,0,0,0,0,0,0,0,0,0,0,0,0,0,0
1942,1942339,"10/05/2004",4,2004,10.95,-110.73,27.66667,"Thunnus albacares",962,20,0,0,0,0,0,0,0,0,0,0,24.83,0,0,0,0,0,0,0,0,0,0,0,0,0,0,0,0,0,0
1942,1942340,"10/05/2004",4,2004,10.95,-110.73,27.66667,"Thunnus albacares",930,40,0,0,0,0,0,0,0,0,0,0,42.95,0,0,0,0,0,0,0,0,0,0,0,0,0,0,0,0,0,0
1942,1942341,"10/05/2004",4,2004,10.95,-110.73,27.66667,"Thunnus albacares",901,30,0,0,0,0,0,0,0,0,0,0,25.99,0,0,0,0,0,0,0,0,0,0,0,0,0,0,0,0,0,0
1942,1942342,"10/05/2004",4,2004,10.95,-110.73,27.66667,"Thunnus albacares",942,25,0,0,0,0,0,0,0,0,0,0,10.08,0,0,0,0,0,0,0,0,0,0,0,0,0,0,0,0,0,0
1942,1942343,"10/05/2004",4,2004,10.95,-110.73,27.66667,"Thunnus albacares",957,20,0,0,0,0,0,0,0,0,0,0,5.42,0,0,0,0,0,0,0,0,0,0,0,0,0,0,0,0,0,0
1942,1942344,"10/05/2004",4,2004,10.95,-110.73,27.66667,"Thunnus albacares",994,60,0,0,0,0,0,0,0,0,0,0,78.74,0,0,0,0,0,0,0,0,0,5.93,0,0,0,0,0,0,0,0
1942,1942345,"10/05/2004",4,2004,10.95,-110.73,27.66667,"Thunnus albacares",1004,20,0,0,0,0,0,0,0,0,0,0,12.68,0,0,0,0,0,0,0,0,0,0,0,0,0,0,0,0,0,0
2043,2043346,"1/23/2005",1,2005,9.72,-104.38,27.77778,"Thunnus albacares",596,5,0,0,0,0,0,0,0,0,0,9.6,0,0,0,0,0,0,0,0,0,0,0,0,0,0,0,0,0,0,0
2043,2043347,"1/23/2005",1,2005,9.72,-104.38,27.77778,"Thunnus albacares",694,1,0,0,0,0,0,0,0,0,0,0,0,0,0,0,0,0,0,0,0,0,0,0,0.11,0,0,0,0,0,0
2043,2043348,"1/23/2005",1,2005,9.72,-104.38,27.77778,"Thunnus albacares",730,80,0,0,0,0,0,0,0,0,0,34.82,0,0,0,0,0,0,0,0,0,0,0,0,0,0,99.1,0,0,0,0
2043,2043349,"1/23/2005",1,2005,9.72,-104.38,27.77778,"Thunnus albacares",657,80,0,0,0,0,0,0,0,0,0,0,0,0,0,90.73,0,0,0,0,0,0,0,0,0,0,0,0,0,0,0
2043,2043350,"1/23/2005",1,2005,9.72,-104.38,27.77778,"Thunnus albacares",600,5,1.93,0,0,0,0,0,0,0,0,0,0,0,0,0,0,0,0,0,0,0,0,0,0,0,0,0,0,0,0
2043,2043351,"1/23/2005",1,2005,9.72,-104.38,27.77778,"Thunnus albacares",619,10,0,0,0,0,0,0,0,0,0,0,0,0,0,10.35,0,0,0,0,0,0,0,0,0,0,0,0,0,0,0
2044,2044352,"2/16/2005",1,2005,22.82,-111.45,21.88889,"Thunnus albacares",894,5,0,0,0,0,0,0,0,0,0,0,0,0,0,0,0,0,0,5.24,0,0,0,0,0,0,0,0,0,0,0
2044,2044353,"2/16/2005",1,2005,22.82,-111.45,21.88889,"Thunnus albacares",820,5,0,0,0,0,0,0,0,0,0,0,0,0,0,0,0,0,0,5.55,0,0,0,0,0,0,0,0,0,0,0
2044,2044354,"2/16/2005",1,2005,22.82,-111.45,21.88889,"Thunnus albacares",894,5,0,0,0,0,0,0,0,0,0,0,0,0,0,0,0,0,0,2.8,0,0,0,0,0,0,0,0,0,0,0
2044,2044355,"2/16/2005",1,2005,22.82,-111.45,21.88889,"Thunnus albacares",1035,20,0,0,0,0,0,0,0,0,0,0,0,0,0,0,0,0,0,27.43,0,0,0,0,0,0,0,0,0,0,0
2044,2044356,"2/16/2005",1,2005,22.82,-111.45,21.88889,"Thunnus albacares",879,20,0,0,0,0,0,0,0,0,0,0,0,0,0,0,0,0,0,12.06,0,0,0,0,0,0,0,0,0,0,0
2044,2044357,"2/16/2005",1,2005,22.82,-111.45,21.88889,"Thunnus albacares",836,20,0,0,0,0,0,0,0,0,0,0,0,0,0,0,0,0,0,16.19,0,0,0,0,0,0,0,0,0,0,0
2044,2044358,"2/16/2005",1,2005,22.82,-111.45,21.88889,"Thunnus albacares",934,10,0,0,0,0,0,0,0,0,0,0,0.72,0,0,0,0,0,0,6.86,0,0,0,0,0,0,0,0,0,0,0
2044,2044359,"2/16/2005",1,2005,22.82,-111.45,21.88889,"Thunnus albacares",1121,5,0,0,0,0,0,0,0,0,0,0,0.38,0,0,0,0,0,0,6.8,0,0,0,0,0,0,0,0,0,0,0
2044,2044360,"2/16/2005",1,2005,22.82,-111.45,21.88889,"Thunnus albacares",872,30,0,0,0,0,0,0,0,0,0,0,0,0,0,0,0,0,0,39.93,0,0,0,0,0,0,0,0,0,0,0
2044,2044361,"2/16/2005",1,2005,22.82,-111.45,21.88889,"Thunnus albacares",910,10,0,0,0,0,0,0,0,0,0,0,0,0,0,0,0,0,0,7.49,0,0,0,0,0,0,0,0,0,0,0
2044,2044362,"2/16/2005",1,2005,22.82,-111.45,21.88889,"Thunnus albacares",931,20,0,0,0,0,0,0,0,0,0,0,0,0,0,0,0,0,0,16.34,0,0,0,0,0,0,0,0,0,0,0
2044,2044363,"2/16/2005",1,2005,22.82,-111.45,21.88889,"Thunnus albacares",820,30,0,0,0,0,0,0,0,0,0,0,0,0,0,0,0,0,0,29.91,0,0,0,0,0,0,2,0,0,0,0
2044,2044364,"2/16/2005",1,2005,22.82,-111.45,21.88889,"Thunnus albacares",895,40,0,0,0,0,0,0,0,0,0,0,0,0,0,0,0,0,0,80.37,0,0,0,0,0,0,0,0,0,0,0
2044,2044365,"2/16/2005",1,2005,22.82,-111.45,21.88889,"Thunnus albacares",854,20,0,0,0,0,0,0,0,0,0,0,0.65,0,0,0,0,0,0,21.37,0,0,0,0,0,0,0,0,0,0,0
2044,2044366,"2/16/2005",1,2005,22.82,-111.45,21.88889,"Thunnus albacares",1094,20,0,0,0,0,0,0,0,0,0,0,0,0,0,0,0,0,0,13.48,0,0,0,0,0,0,0,0,0,0,0
2145,2145367,"2/07/2005",1,2005,9.03,-95.52,26.83333,"Thunnus albacares",1113,70,0,0,0,0,0,0,0,0,0,0,0,0,0,0,0,0,0,0,0,229.08,0,0,0,0,0,0,0,0,0
2145,2145368,"2/07/2005",1,2005,9.03,-95.52,26.83333,"Thunnus albacares",1132,100,0,0,0,0,0,0,0,0,0,0,0,0,0,0,0,0,0,0,0,351.61,0,0,0,0,0,0,0,0,0
2145,2145369,"2/07/2005",1,2005,9.03,-95.52,26.83333,"Thunnus albacares",1066,90,0,0,0,0,0,0,0,0,0,0,0,0,0,0,0,0,0,0,0,183.53,0,0,0,0,0,0,0,0,0
2145,2145370,"2/07/2005",1,2005,9.03,-95.52,26.83333,"Thunnus albacares",1137,70,0,0,0,0,0,0,0,0,0,0,0,0,0,0,0,0,0,0,0,77.34,0,0,0,0,0,0,0,0,0
2145,2145371,"2/07/2005",1,2005,9.03,-95.52,26.83333,"Thunnus albacares",1162,70,0,0,0,0,0,0,0,0,0,0,0,0,0,0,0,0,0,0,0,159.56,0,0,0,0,0,0,0,0,0
2145,2145372,"2/07/2005",1,2005,9.03,-95.52,26.83333,"Thunnus albacares",975,70,0,0,0,0,0,0,0,0,0,0,0,0,0,0,0,0,0,0,0,26.3,0,0,0,0,0,0,0,0,0
2145,2145373,"2/07/2005",1,2005,9.03,-95.52,26.83333,"Thunnus albacares",1137,20,0,0,0,0,0,0,0,0,0,0,0,0,0,0,0,0,0,0,0,15.01,0,0,0,0,0,0,0,0,0
2145,2145374,"2/07/2005",1,2005,9.03,-95.52,26.83333,"Thunnus albacares",1127,60,0,0,0,0,0,0,0,0,0,0,0,0,0,0,0,0,0,0,0,86.72,0,0,0,0,0,0,0,0,0
2145,2145375,"2/07/2005",1,2005,9.03,-95.52,26.83333,"Thunnus albacares",1136,100,0,0,0,0,14.35,0,0,0,0,26.36,0,0,0,0,0,0,0,0,0,439.08,0,0,0,0,0,0,0,0,0
2145,2145376,"2/07/2005",1,2005,9.03,-95.52,26.83333,"Thunnus albacares",1047,20,0,0,0,0,0,0,0,0,0,0,0,0,0,0,0,0,0,0,0,12.87,0,0,0,0,0,0,0,0,0
2145,2145377,"2/07/2005",1,2005,9.03,-95.52,26.83333,"Thunnus albacares",972,20,0,0,0,0,0,0,0,0,0,0,0,0,0,0,0,0,0,0,0,12.03,0,0,0,0,0,0,0,0,0
2145,2145378,"2/07/2005",1,2005,9.03,-95.52,26.83333,"Thunnus albacares",1068,60,0,0,0,0,0,0,0,0,0,0,0,0,0,0,0,0,0,0,0,71.06,0,0,0,0,0,0,0,0,0
2145,2145379,"2/07/2005",1,2005,9.03,-95.52,26.83333,"Thunnus albacares",913,50,0,0,0,0,0,0,0,0,0,0,0,0,0,0,0,0,0,0,0,23.36,0,0,0,0,0,0,0,0,0
2145,2145380,"2/07/2005",1,2005,9.03,-95.52,26.83333,"Thunnus albacares",1043,70,0,0,0,0,0,0,0,0,0,0,0,0,0,0,0,0,0,0,0,270.93,0,0,0,0,0,0,0,0,0
2246,2246381,"2/10/2005",1,2005,8.9,-99.67,27.22222,"Thunnus albacares",590,5,0,0,0,0,0,0,0,0,0,0,0,0,0,0,0,0,0,0,0,0,0,0,0,0,0,0,0,0,1.15
2347,2347382,"1/12/2005",1,2005,8.05,-102.82,27.11111,"Thunnus albacares",890,100,0,0,0,0,0,0,0,0,0,0,0,0,0,0,0,0,0,0,0,0,0,0,0,0,243.29,0,0,0,0
2347,2347383,"1/12/2005",1,2005,8.05,-102.82,27.11111,"Thunnus albacares",840,10,0,0,0,0,0,0,0,0,0,9.21,0,0,0,0,0,0,0,0,0,0,0,0,0,0,0,0,0,0,0
2347,2347384,"1/12/2005",1,2005,8.05,-102.82,27.11111,"Thunnus albacares",970,100,0,0,0,0,0,0,0,0,0,0,0,0,0,0,0,0,0,0,0,0,0,0,0,0,166.13,0,0,0,0
2347,2347385,"1/12/2005",1,2005,8.05,-102.82,27.11111,"Thunnus albacares",952,30,0,0,0,0,0,0,0,0,0,0,0,0,0,0,0,0,0,0,0,0,0,0,0,0,19.37,0,0,0,0
2448,2448386,"2/25/2005",1,2005,14.2,-111.7,26.27778,"Thunnus albacares",612,1,0,0,0,0,0,0,0,0,0,0,1.3,0,0,0,0,0,0,0,0,0,0,0,0,0,0,0,0,0,0
2448,2448387,"2/25/2005",1,2005,14.2,-111.7,26.27778,"Thunnus albacares",895,5,0,5.1,0,0,0,0,0,0,0,0,13.1,0,0,0,0,0,0,0,0,0,0,0,0,0,0,0,0,0,0
2448,2448388,"2/25/2005",1,2005,14.2,-111.7,26.27778,"Thunnus albacares",680,20,0,0,0,0,0,0,0,0,0,0,17.35,0,0,0,0,0,0,0,0,0,0,0,0,0,0,0,0,0,0
2448,2448389,"2/25/2005",1,2005,14.2,-111.7,26.27778,"Thunnus albacares",740,20,0,0,0,0,0,0,0,0,0,0,20.38,0,0,0,0,0,0,0,0,0,0,0,0,0,0,0,0,0,0
2448,2448390,"2/25/2005",1,2005,14.2,-111.7,26.27778,"Thunnus albacares",752,15,0,0,0,0,0,0,0,0,0,0,14.13,0,0,0,0,0,0,0,0,0,0,0,0,0,0,0,0,0,0
2448,2448391,"2/25/2005",1,2005,14.2,-111.7,26.27778,"Thunnus albacares",725,15,0,0,0,0,0,0,0,0,0,0,13.85,0,0,0,0,0,0,0,0,0,0,0,0,0,0,0,0,0,0
2448,2448392,"2/25/2005",1,2005,14.2,-111.7,26.27778,"Thunnus albacares",715,30,0,0,0,0,0,0,0,0,0,0,25.43,0,0,0,0,0,0,0,0,0,0,0,0,0,0,0,1,0,0
2448,2448393,"2/25/2005",1,2005,14.2,-111.7,26.27778,"Thunnus albacares",665,1,0,0,0,0,0,0,0,0,0,0,3.1,0,0,0,0,0,0,0,0,0,0,0,0,0,0,0,0,0,0
2448,2448394,"2/25/2005",1,2005,14.2,-111.7,26.27778,"Thunnus albacares",693,20,0,0,0,0,0,0,0,0,0,0,17.55,0,0,0,0,0,0,0,0,0,0,0,0,0,0,0,0,0,0
2448,2448395,"2/25/2005",1,2005,14.2,-111.7,26.27778,"Thunnus albacares",666,10,0,0,0,0,0,0,0,0,0,0,13.8,0,0,0,0,0,0,0,0,0,0,0,0,0,0,0,0,0,0
2448,2448396,"2/25/2005",1,2005,14.2,-111.7,26.27778,"Thunnus albacares",680,1,0,0,0,0,0,0,0,0,0,0,2.6,0,0,0,0,0,0,0,0,0,0,0,0,0,0,0,0,0,0
2549,2549397,"1/10/2005",1,2005,7.05,-101.42,27.61111,"Thunnus albacares",824,20,0,0,0,0,0,0,0,0,0,0,0,0,0,0,0,0,0,0,0,6.2,0,0,0,0,0,0,0,0,0
2549,2549398,"1/10/2005",1,2005,7.05,-101.42,27.61111,"Thunnus albacares",1284,10,0,0,0,0,0,0,0,0,0,0,0,0,0,0,0,0,0,0,0,0,0,0,0.3,0,0,0,0,0,0
2549,2549399,"1/10/2005",1,2005,7.05,-101.42,27.61111,"Thunnus albacares",1114,90,0,0,0,0,0,0,0,0,0,0,0,0,0,0,0,0,0,0,0,0,0,0,0,0,98.96,0,0,0,0
2550,2550400,"1/28/2005",1,2005,7.48,-102.1,27.44444,"Thunnus albacares",780,5,0,0,0,0,0,0,0,0,0,0,0,0,0,0,0,0,0,0,0,0,0,0,1.8,0,0,0,0,0,0
2550,2550401,"1/28/2005",1,2005,7.48,-102.1,27.44444,"Thunnus albacares",880,5,0,0,0,0,0,0,0,0,0,0,0,0,0,0,0,0,0,0,0,0,0,0,3.76,0,0,0,0,0,0
2550,2550402,"1/28/2005",1,2005,7.48,-102.1,27.44444,"Thunnus albacares",870,1,0,0,0,0,0,0,0,0,0,0,0,0,0,0,0,0,0,0,0,0,0,0,1.55,0,0,0,0,0,0
2550,2550403,"1/28/2005",1,2005,7.48,-102.1,27.44444,"Thunnus albacares",830,5,0,0,0,0,0,0,0,0,0,0,0,0,0,0,0,0,0,0,0,0,0,0,33.33,0,0,0,0,0,0
2550,2550404,"1/28/2005",1,2005,7.48,-102.1,27.44444,"Thunnus albacares",735,10,0,0,0,0,0,0,0,0,0,0,0,0,0,0,0,0,0,0,0,0,0,0,2.38,0,0,0,0,0,0
2550,2550405,"1/28/2005",1,2005,7.48,-102.1,27.44444,"Thunnus albacares",710,10,0,0,0,0,0,0,0,0,0,0,0,0,0,0,0,0,0,0,0,0,0,0,12.76,0,0,0,0,0,0
2651,2651406,"1/29/2005",1,2005,13.73,-100.08,28.88889,"Thunnus albacares",739,5,0.82,0,0,0,0,0,0,0,0,0,0,0,0,0,0,0,0,0,0,0,0,0,0,0,0,0,0,0,0
2651,2651407,"1/29/2005",1,2005,13.73,-100.08,28.88889,"Thunnus albacares",776,5,0.74,0,0,0,0,0,0,0,0,0,0,0,0,0,0,0,0,0,0,0,0,0,0,0,0,0,0,0,0
2651,2651408,"1/29/2005",1,2005,13.73,-100.08,28.88889,"Thunnus albacares",672,10,2.15,0,0,0,0,0,0,0,0,0,0,0,0,0,0,0,0,0,0,0,0,0,0,0,0,0,0,0,0
2651,2651409,"1/29/2005",1,2005,13.73,-100.08,28.88889,"Thunnus albacares",661,10,1.62,0,0,0,0,0,0,0,0,0,0,0,0,0,0,0,0,0,0,0,0,0,0,0,0,0,0,0,0
2651,2651410,"1/29/2005",1,2005,13.73,-100.08,28.88889,"Thunnus albacares",642,5,0.92,0,0,0,0,0,0,0,0,0,0,0,0,0,0,0,0,0,0,0,0,0,0,0,0,0,1,0,0
2651,2651411,"1/29/2005",1,2005,13.73,-100.08,28.88889,"Thunnus albacares",658,5,0.4,0,0,0,0,0,0,0,0,0,0,0,0,0,0,0,0,0,0,0,0,0,0,0,0,0,0,0,0
2752,2752412,"10/02/2005",4,2005,9,-115.43,31.66667,"Thunnus albacares",1169,1,0,0,0,0,0,0,0,0,0,0,0,0,0,0,0,0,0,0,0,0,0,0,0,0,0.1,0,0,0,0
2752,2752413,"10/02/2005",4,2005,9,-115.43,31.66667,"Thunnus albacares",1277,1,0,0,0,0.1,0,0,0,0,0,0,0,0,0.2,0,0,0,0,0,0,0,0,0,0,0,0,0,0,0,0
2752,2752414,"10/02/2005",4,2005,9,-115.43,31.66667,"Thunnus albacares",986,1,0,0,0,0,0,0,0,0,0,0,0,0,0,0,0,0,0,0,0,0,0,0,0.63,0,0,0,0,0,0
2752,2752415,"10/02/2005",4,2005,9,-115.43,31.66667,"Thunnus albacares",1000,5,0,0,0,0,0,0,0,0,0,0,0,0,0,0,0,0,0,0,0,0,0,0,4.63,0,0,0,0,0,0
2752,2752416,"10/02/2005",4,2005,9,-115.43,31.66667,"Thunnus albacares",975,1,0,0,0,2.7,0,0,0,0,0,0,0,0,0,0,0,0,0,0,0,0,0,0,0,0,0,0,0,0,0
2753,2753417,"10/11/2005",4,2005,8.95,-117.3,28.05556,"Thunnus albacares",715,80,0,0,0,0,0,0,0,0,0,0,0,0,0,0,0,0,0,0,0,0,0,0,0,0,133,0,0,0,0
2753,2753418,"10/11/2005",4,2005,8.95,-117.3,28.05556,"Thunnus albacares",698,30,0,0,0,0,0,0,0,0,0,0,0,0,0,0,0,0,0,0,0,0,0,0,0,0,23.65,0,0,0,0
2753,2753419,"10/11/2005",4,2005,8.95,-117.3,28.05556,"Thunnus albacares",693,40,0,0,0,0,0,0,0,0,0,0,0,0,0,0,0,0,0,0,0,0,0,0,0,0,55.11,0,0,0,0
2753,2753420,"10/11/2005",4,2005,8.95,-117.3,28.05556,"Thunnus albacares",747,1,0.69,0,0,0,0,0,0,0,0,0,0,0,0,0,0,0,0,0,0,0,0,0,0,0,0,0,0,0,0
2753,2753421,"10/11/2005",4,2005,8.95,-117.3,28.05556,"Thunnus albacares",567,1,0,0,0,0,0,0,0,0,0,0.66,0,0,0,0,0,0,0,0,0,0,0,0,0,0,0,0,0,0,0
2753,2753422,"10/11/2005",4,2005,8.95,-117.3,28.05556,"Thunnus albacares",946,30,0,0,0,0,0,0,0,0,0,0,0,0,0,0,0,0,0,0,0,0,0,0,0,0,39.31,0,0,0,0
2753,2753423,"10/11/2005",4,2005,8.95,-117.3,28.05556,"Thunnus albacares",808,1,0,0,0,0,0,0,0,0,0,0,0,0,0,0,0,0,0,1.41,0,0,0,0,0,0,0,0,0,0,0
2753,2753424,"10/11/2005",4,2005,8.95,-117.3,28.05556,"Thunnus albacares",777,1,0,0,0,0,0,0,0,0,0,0,0,0,0,0,0,0,0,0,0,0,0,0,0,0,2,0,0,0,0
2753,2753425,"10/11/2005",4,2005,8.95,-117.3,28.05556,"Thunnus albacares",644,70,0,0,0,0,0,0,0,0,0,0,0,0,0,0,0,0,0,0,0,0,0,0,0,0,87.17,0,0,0,0
2753,2753426,"10/11/2005",4,2005,8.95,-117.3,28.05556,"Thunnus albacares",653,60,0,0,0,0,0,0,0,0,0,0,0,0,0,0,0,0,0,0,0,0,0,0,0,0,64.42,0,0,0,0
2753,2753427,"10/11/2005",4,2005,8.95,-117.3,28.05556,"Thunnus albacares",737,30,0,0,0,0,0,0,0,0,0,0,0,0,0,0,0,0,0,0,0,0,0,0,0,0,13,0,0,0,0
2753,2753428,"10/11/2005",4,2005,8.95,-117.3,28.05556,"Thunnus albacares",726,5,0,0,0,0,0,0,0,0,0,0,0,0,0,0,0,0,0,0,0,0,0,0,0,0,9,0,0,0,0
2754,2754429,"10/13/2005",4,2005,8.8,-121.38,28.33333,"Thunnus albacares",902,30,2.28,0,0,0,0,0,0,0,0,0,0,0,0,0,0,0,0,0,0,0,0,0,29.31,0,0,0,0,0,0
2754,2754430,"10/13/2005",4,2005,8.8,-121.38,28.33333,"Thunnus albacares",852,10,0,0,0,0,0,0,0,0,0,0,0,0,0,0,0,0,0,0,0,0,0,0,11.46,0,0,0,0,0,0
2754,2754431,"10/13/2005",4,2005,8.8,-121.38,28.33333,"Thunnus albacares",622,1,0,0,0,0,0,0,0,0,0,0,0,0,0,0,0,0,0,0,0,0,0,0,2,0,0,0,0,0,0
2754,2754432,"10/13/2005",4,2005,8.8,-121.38,28.33333,"Thunnus albacares",632,1,0,0,0,0,0,0,0,0,0,0,0,0,0,0,0,0,0,0,0,0,0,0,0.52,0,0,0,0,0,0
2754,2754433,"10/13/2005",4,2005,8.8,-121.38,28.33333,"Thunnus albacares",932,20,0,0,0,0,0,0,0,0,0,0,0,0,0,0,0,0,0,0,0,0,0,0,21.35,0,0,0,0,0,0
2754,2754434,"10/13/2005",4,2005,8.8,-121.38,28.33333,"Thunnus albacares",613,1,0,0,0,0,0,0,0,0,0,0,0,0,0,0,0,0,0,0,0,0,0,0,1,0,0,0,0,0,0
2754,2754435,"10/13/2005",4,2005,8.8,-121.38,28.33333,"Thunnus albacares",610,1,0,0,0,0,0,0,0,0,0,0,0,0,0,0,0,0,0,0,0,0,0,0,1.1,0,0,0,0,0,0
2754,2754436,"10/13/2005",4,2005,8.8,-121.38,28.33333,"Thunnus albacares",798,5,0,0,0,0,0,0,0,0,0,0,0,0,0,0,0,0,0,0,0,0,0,0,3.7,0,0,0,0,0,0
2754,2754437,"10/13/2005",4,2005,8.8,-121.38,28.33333,"Thunnus albacares",940,10,0,0,0,0,0,0,0,0,0,0,0,0,0,0,0,0,0,0,0,0,0,0,11.7,0,0,0,0,0,0
2754,2754438,"10/13/2005",4,2005,8.8,-121.38,28.33333,"Thunnus albacares",905,15,0,0,0,0,0,0,0,0,0,0,0,0,0,0,0,0,0,0,0,0,0,0,14.61,0,0,0,0,0,0
2754,2754439,"10/13/2005",4,2005,8.8,-121.38,28.33333,"Thunnus albacares",901,50,0,0,0,0,0,0,0,0,0,0,0,0,0,0,0,0,0,0,0,0,0,0,54.57,0,0,0,0,0,0
2754,2754440,"10/13/2005",4,2005,8.8,-121.38,28.33333,"Thunnus albacares",983,10,0,0,0,0,0,0,0,0,0,0,0,0,0,0,0,0,0,0,0,0,0,0,6.91,0,0,0,0,0,0
2855,2855441,"8/09/2005",3,2005,22.58,-111.62,27.16667,"Thunnus albacares",552,10,0,0,0,0,0,0,0,0,0,0,10,0,0,0,0,0,0,0,0,0,0,0,0,0,0,0,0,0,0
2855,2855442,"8/09/2005",3,2005,22.58,-111.62,27.16667,"Thunnus albacares",529,5,0,0,0,0,0,0,0,0,0,0,6.7,0,0,0,0,0,0,0,0,0,0,0,0,0,0,0,0,0,0
2855,2855443,"8/09/2005",3,2005,22.58,-111.62,27.16667,"Thunnus albacares",524,20,0,0,0,0,0,0,0,0,0,0,7.79,0,0,0,0,0,0,0,0,0,0,0,0,0,0,0,0,0,0
2855,2855444,"8/09/2005",3,2005,22.58,-111.62,27.16667,"Thunnus albacares",521,5,0,0,0,0,0,0,0,0,0,0,6,0,0,0,0,0,0,0,0,0,0,0,0,0,0,0,0,0,0
2855,2855445,"8/09/2005",3,2005,22.58,-111.62,27.16667,"Thunnus albacares",621,30,0,0,0,0,0,0,0,0,0,0,7.65,0,0,0,0,0,0,0,0,0,0,0,0,0,0,0,0,0,0
2855,2855446,"8/09/2005",3,2005,22.58,-111.62,27.16667,"Thunnus albacares",526,100,0,0,0,0,0,0,0,0,0,0,22.82,0,0,0,0,0,0,0,0,0,0,0,0,0,0,0,0,0,0
2855,2855447,"8/09/2005",3,2005,22.58,-111.62,27.16667,"Thunnus albacares",530,15,0,0,0,0,0,0,0,0,0,0,12.78,0,0,0,0,0,0,0,0,0,0,0,0,0,0,0,0,0,0
2855,2855448,"8/09/2005",3,2005,22.58,-111.62,27.16667,"Thunnus albacares",631,1,0,0,0,0,0,0,0,0,0,0,2.6,0,0,0,0,0,0,0,0,0,0,0,0,0,0,0,0,0,0
2855,2855449,"8/09/2005",3,2005,22.58,-111.62,27.16667,"Thunnus albacares",593,10,0,0,0,0,0,0,0,0,0,0,10.1,0,0,0,0,0,0,0,0,0,0,0,0,0,0,0,0,0,0
2855,2855450,"8/09/2005",3,2005,22.58,-111.62,27.16667,"Thunnus albacares",529,20,0,0,0,0,0,0,0,0,0,0,15.05,0,0,0,0,0,0,0,0,0,0,0,0,0,0,0,0,0,0
2855,2855451,"8/09/2005",3,2005,22.58,-111.62,27.16667,"Thunnus albacares",463,5,0,0,0,0,0,0,0,0,0,0,7.2,0,0,0,0,0,0,0,0,0,0,0,0,0,0,0,0,0,0
2855,2855452,"8/09/2005",3,2005,22.58,-111.62,27.16667,"Thunnus albacares",494,5,0,0,0,0,0,0,0,0,0,0,5,0,0,0,0,0,0,0,0,0,0,0,0,0,0,0,0,0,0
2855,2855453,"8/09/2005",3,2005,22.58,-111.62,27.16667,"Thunnus albacares",496,20,0,0,0,0,0,0,0,0,0,0,8.08,0,0,0,0,0,0,0,0,0,0,0,0,0,0,0,0,0,0
2855,2855454,"8/09/2005",3,2005,22.58,-111.62,27.16667,"Thunnus albacares",557,1,0,0,0,0,0,0,0,0,0,0,4,0,0,0,0,0,0,0,0,0,0,0,0,0,0,0,0,0,0
2855,2855455,"8/09/2005",3,2005,22.58,-111.62,27.16667,"Thunnus albacares",610,30,0,0,0,0,0,0,0,0,0,0,11.54,0,0,0,0,0,0,0,0,0,0,0,0,0,0,0,0,0,0
2856,2856456,"8/12/2005",3,2005,25.45,-112.47,23,"Thunnus albacares",726,40,0,0,0,0,0,0,0,0,0,0,3,0,0,0,0,0,0,0,0,30.49,0,0,0,0,0,0,0,0,0
2856,2856457,"8/12/2005",3,2005,25.45,-112.47,23,"Thunnus albacares",756,60,0,0,0,0,0,0,0,0,0,0,0,0,0,0,0,0,0,0,0,86.82,0,0,0,0,0,0,0,0,0
2856,2856458,"8/12/2005",3,2005,25.45,-112.47,23,"Thunnus albacares",762,40,0,0,0,0,0,0,0,0,0,0,0,0,0,0,0,0,0,0,0,57.48,0,0,0,0,0,0,0,0,0
2856,2856459,"8/12/2005",3,2005,25.45,-112.47,23,"Thunnus albacares",764,70,0,0,0,0,0,0,0,0,0,0,41.91,0,0,0,0,0,0,0,0,28.97,0,0,0,0,0,0,0,0,0
2856,2856460,"8/12/2005",3,2005,25.45,-112.47,23,"Thunnus albacares",739,50,0,0,0,0,0,0,0,0,0,0,39.86,0,0,0,0,0,0,0,0,0,0,0,0,0,0,0,0,0,0
2856,2856461,"8/12/2005",3,2005,25.45,-112.47,23,"Thunnus albacares",746,40,0,0,0,0,0,0,0,0,0,0,29.86,0,0,0,0,0,0,0,0,0,0,0,0,0,0,0,0,0,0
2856,2856462,"8/12/2005",3,2005,25.45,-112.47,23,"Thunnus albacares",739,50,0,0,0,0,0,0,0,0,0,0,0,0,0,0,0,0,0,0,0,53.88,0,0,0,0,0,0,0,0,0
2856,2856463,"8/12/2005",3,2005,25.45,-112.47,23,"Thunnus albacares",728,40,0,0,0,0,0,0,0,0,0,0,39.7,0,0,0,0,0,0,0,0,0,0,0,0,0,0,0,0,0,0
2856,2856464,"8/12/2005",3,2005,25.45,-112.47,23,"Thunnus albacares",746,70,0,0,0,0,0,0,0,0,0,0,0,0,0,0,0,0,0,0,0,135.21,0,0,0,0,0,0,0,0,0
2856,2856465,"8/12/2005",3,2005,25.45,-112.47,23,"Thunnus albacares",727,30,0,0,0,0,0,0,0,0,0,0,29.51,0,0,0,0,0,0,0,0,0,0,0,0,0,0,0,0,0,0
2856,2856466,"8/12/2005",3,2005,25.45,-112.47,23,"Thunnus albacares",738,50,0,0,0,0,0,0,0,0.75,0,0,0,0,0,0,0,0,0,0,0,57.37,0,0,0,0,0,0,0,0,0
2856,2856467,"8/12/2005",3,2005,25.45,-112.47,23,"Thunnus albacares",734,40,0,0,0,0,0,0,0,0,0,0,28.35,0,0,0,0,0,0,0,0,8.02,0,0,0,0,0,0,0,0,0
2856,2856468,"8/12/2005",3,2005,25.45,-112.47,23,"Thunnus albacares",718,80,0,0,0,0,0,0,0,0,0,0,11.3,0,0,0,0,0,0,0,0,182.89,0,0,0,0,0,0,0,0,0
2856,2856469,"8/12/2005",3,2005,25.45,-112.47,23,"Thunnus albacares",740,30,0,0,0,0,0,0,0,0,0,0,25,0,0,0,0,0,0,0,0,0,0,0,0,0,0,0,0,0,0
2856,2856470,"8/12/2005",3,2005,25.45,-112.47,23,"Thunnus albacares",739,40,0,0,0,0,0,0,0,0,0,0,32.47,0,0,0,0,0,0,0,0,0,0,0,0,0,0,0,0,0,0
2857,2857471,"8/15/2005",3,2005,25.82,-112.8,24.55556,"Thunnus albacares",743,100,18.9,0,0,0,0,0,0,0,0,0,10.5,0,0,0,0,148.8,0,0,0,0,0,0,0,0,0,0,0,0,0
2857,2857472,"8/15/2005",3,2005,25.82,-112.8,24.55556,"Thunnus albacares",717,80,0,0,0,0,0,0,0,0,0,0,47.85,0,0,0,0,0,0,0,0,0,0,0,0,0,0,0,0,0,0
2857,2857473,"8/15/2005",3,2005,25.82,-112.8,24.55556,"Thunnus albacares",729,70,0,0,0,0,0,0,0,0,0,0,29.82,0,0,0,0,39.42,0,0,0,0,0,0,0,0,0,0,0,0,0
2857,2857474,"8/15/2005",3,2005,25.82,-112.8,24.55556,"Thunnus albacares",721,100,0,0,0,0,0,0,0,0,0,0,71.72,0,0,0,0,0,0,0,0,0,0,0,0,0,0,0,0,0,0
2857,2857475,"8/15/2005",3,2005,25.82,-112.8,24.55556,"Thunnus albacares",743,80,0,0,0,0,0,0,0,0,0,0,62.64,0,0,0,0,0,0,0,0,0,0,0,0,0,0,0,0,0,0
2857,2857476,"8/15/2005",3,2005,25.82,-112.8,24.55556,"Thunnus albacares",732,80,0,0,0,0,0,0,0,0,0,0,37.62,0,0,0,0,0,0,0,0,0,0,0,0,0,0,0,0,0,0
2857,2857477,"8/15/2005",3,2005,25.82,-112.8,24.55556,"Thunnus albacares",730,80,0,0,0,0,0,0,0,0,0,0,0,0,0,0,0,170,0,0,0,0,0,0,0,0,0,0,0,0,0
2857,2857478,"8/15/2005",3,2005,25.82,-112.8,24.55556,"Thunnus albacares",723,100,0,0,0,0,0,0,0,0,0,0,58.12,0,0,0,0,0,0,0,0,0,0,0,0,0,0,0,0,0,0
2857,2857479,"8/15/2005",3,2005,25.82,-112.8,24.55556,"Thunnus albacares",747,100,0,0,0,0,0,0,0,0,0,0,52.3,0,0,0,0,0,0,0,0,0,0,0,0,0,0,0,0,0,0
2857,2857480,"8/15/2005",3,2005,25.82,-112.8,24.55556,"Thunnus albacares",738,90,0,0,0,0,0,0,0,0,0,0,86.9,0,0,0,0,0,0,0,0,0,0,0,0,0,0,0,0,0,0
2857,2857481,"8/15/2005",3,2005,25.82,-112.8,24.55556,"Thunnus albacares",740,80,0,0,0,0,0,0,0,0,0,0,0,0,0,0,0,203,0,0,0,0,0,0,0,0,0,0,0,0,0
2857,2857482,"8/15/2005",3,2005,25.82,-112.8,24.55556,"Thunnus albacares",756,5,0,0,0,0,0,0,0,0,0,0,8,0,0,0,0,0,0,0,0,0,0,0,0,0,0,0,0,0,0
2857,2857483,"8/15/2005",3,2005,25.82,-112.8,24.55556,"Thunnus albacares",711,100,0,0,0,0,0,0,0,0,0,0,1,0,0,0,0,137.06,0,0,0,0,0,0,0,0,0,0,0,0,0
2857,2857484,"8/15/2005",3,2005,25.82,-112.8,24.55556,"Thunnus albacares",727,80,0,0,0,0,0,0,0,0,0,0,30.97,0,0,0,0,0,0,0,0,0,0,0,0,0,0,0,0,0,0
2857,2857485,"8/15/2005",3,2005,25.82,-112.8,24.55556,"Thunnus albacares",698,70,0,0,0,0,0,0,0,0,0,0,65.5,0,0,0,0,0,0,0,0,0,0,0,0,0,0,0,0,0,0
2858,2858486,"8/22/2005",3,2005,26,-113.15,24.66667,"Thunnus albacares",752,50,0,0,0,0,0,0,0,0,0,0,51.06,0,0,0,0,0,0,0,0,0,0,0,0,0,0,0,0,0,0
2858,2858487,"8/22/2005",3,2005,26,-113.15,24.66667,"Thunnus albacares",739,30,0,0,0,0,0,0,0,0,0,0,26.5,0,0,0,0,0,0,0,0,0,0,0,0,0,0,0,0,0,0
2858,2858488,"8/22/2005",3,2005,26,-113.15,24.66667,"Thunnus albacares",742,10,0,0,0,0,0,0,0,0,0,0,12.9,0,0,0,0,0,0,0,0,0,0,0,0,0,0,0,0,0,0
2858,2858489,"8/22/2005",3,2005,26,-113.15,24.66667,"Thunnus albacares",514,15,0,0,0,0,0,0,0,0,0,0,0,0,0,0,0,0,0,0,0,20,0,0,0,0,0,0,0,0,0
2858,2858490,"8/22/2005",3,2005,26,-113.15,24.66667,"Thunnus albacares",508,15,0,0,0,0,0,0,0,0,0,0,0,0,0,0,0,0,0,0,0,15.2,0,0,0,0,0,0,0,0,0
2858,2858491,"8/22/2005",3,2005,26,-113.15,24.66667,"Thunnus albacares",749,10,0,0,0,0,0,0,0,0,0,0,11.7,0,0,0,0,0,0,0,0,0,0,0,0,0,0,0,0,0,0
2858,2858492,"8/22/2005",3,2005,26,-113.15,24.66667,"Thunnus albacares",747,20,0,0,0,0,0,0,0,0,0,0,14.42,0,0,0,0,0,0,0,0,0,0,0,0,0,0,0,0,0,0
2858,2858493,"8/22/2005",3,2005,26,-113.15,24.66667,"Thunnus albacares",801,50,0,0,0,0,0,0,0,0,0,0,48.93,0,0,0,0,0,0,0,0,0,0,0.33,0,0,0,0,0,0,0
2858,2858494,"8/22/2005",3,2005,26,-113.15,24.66667,"Thunnus albacares",504,10,0,0,0,0,0,0,0,0,0,0,0,0,0,0,0,0,0,0,0,10.1,0,0,0,0,0,0,0,0,0
2858,2858495,"8/22/2005",3,2005,26,-113.15,24.66667,"Thunnus albacares",732,60,0,0,0,0,0,0,0,0,0,0,56.27,0,0,0,0,0,0,0,0,0,0,0,0,0,0,0,0,0,0
2858,2858496,"8/22/2005",3,2005,26,-113.15,24.66667,"Thunnus albacares",756,50,0,0,0,0,0,0,0,0,0,0,48.21,0,0,0,0,0,0,0,0,0,0,0,0,0,0,0,0,0,0
2858,2858497,"8/22/2005",3,2005,26,-113.15,24.66667,"Thunnus albacares",741,50,0,0,0,0,0,0,0,0,0,0,53.85,0,0,0,0,0,0,0,0,0,0,0,0,0,0,0,0,0,0
2858,2858498,"8/22/2005",3,2005,26,-113.15,24.66667,"Thunnus albacares",769,50,0,0,0,0,0,0,0,0,0,0,40.88,0,0,0,0,0,0,0,0,15.81,0,0,0,0,0,0,0,0,0
2858,2858499,"8/22/2005",3,2005,26,-113.15,24.66667,"Thunnus albacares",764,15,0,0,0,0,0,0,0,0,0,0,0,0,0,0,0,0,0,0,0,15,0,0,0,0,0,0,0,0,0
2959,2959500,"10/06/2005",4,2005,10.23,-117.58,27.11111,"Thunnus albacares",978,1,0,0,0,0,0,0,0,0,0,0,2.3,0,0,0,0,0,0,0,0,0,0,0,0,0,0,0,0,0,0
2959,2959501,"10/06/2005",4,2005,10.23,-117.58,27.11111,"Thunnus albacares",1205,5,0,0,0,0,0,0,0,0,0,0,6.9,0,0,0,0,0,0,0,0,0,0,0,0,0,0,0,0,0,0
2959,2959502,"10/06/2005",4,2005,10.23,-117.58,27.11111,"Thunnus albacares",1081,1,0,0,0,0,0,0,0,0,0,0,4.8,0,0,0,0,0,0,0,0,0,0,0,0,0,0,0,0,0,0
2959,2959503,"10/06/2005",4,2005,10.23,-117.58,27.11111,"Thunnus albacares",1003,1,0,0,0,0,0,0,0,0,0,0,2.9,0,0,0,0,0,0,0,0,0,0,0,0,0,0,0,0,0,0
2959,2959504,"10/06/2005",4,2005,10.23,-117.58,27.11111,"Thunnus albacares",892,1,0,0,0,0,0,0,0,0,0,0,3.6,0,0,0,0,0,0,0,0,0,0,0,0,0,0,0,0,0,0
2959,2959505,"10/06/2005",4,2005,10.23,-117.58,27.11111,"Thunnus albacares",871,1,0,0,0,0,0,0,0,0,0,0,0.9,0,0,0,0,0,0,0,0,0,0,0,0,0,0,0,0,0,0
2959,2959506,"10/06/2005",4,2005,10.23,-117.58,27.11111,"Thunnus albacares",922,1,0,0,0,0,0,0,0,0,0,0,3.6,0,0,0,0,0,0,0,0,0,0,0,0,0,0,0,0,0,0
2959,2959507,"10/06/2005",4,2005,10.23,-117.58,27.11111,"Thunnus albacares",1063,1,0,0,0,0,0,0,0,0,0,0,3.3,0,0,0,0,0,0,0,0,0,0,0,0,0,0,0,0,0,0
2959,2959508,"10/06/2005",4,2005,10.23,-117.58,27.11111,"Thunnus albacares",933,1,0,0,0,0,0,0,0,0,0,0,1.4,0,0,0,0,0,0,0,0,0,0,0,0,0,0,0,0,0,0
2959,2959509,"10/06/2005",4,2005,10.23,-117.58,27.11111,"Thunnus albacares",1005,1,0,0,0,0,0,0,0,0,0,0,0.9,0,0,0,0,0,0,0,0,0,0,0,0,0,0,0,0,0,0
2959,2959510,"10/06/2005",4,2005,10.23,-117.58,27.11111,"Thunnus albacares",994,1,0,0,0,0,0,0,0,0,0,0,1.2,0,0,0,0,0,0,0,0,0,0,0,0,0,0,0,0,0,0
2959,2959511,"10/06/2005",4,2005,10.23,-117.58,27.11111,"Thunnus albacares",927,1,0,0,0,0,0,0,0,0,0,0,1.6,0,0,0,0,0,0,0,0,0,0,0,0,0,0,0,0,0,0
3060,3060512,"9/24/2005",3,2005,25.75,-113.12,25.55556,"Thunnus albacares",785,30,0,0,0,0,0,32.2,0,0,0,0,0,0,0,0,0,4.6,0,0,0,0,0,0,0,0,13.43,0,0,0,0
3060,3060513,"9/24/2005",3,2005,25.75,-113.12,25.55556,"Thunnus albacares",774,5,0,0,0,0,0,0,5.54,0,0,0,0,0,0,0,0,0,0,0,0,0,0,0,0,0,0,0,0,0,0
3060,3060514,"9/24/2005",3,2005,25.75,-113.12,25.55556,"Thunnus albacares",693,1,0,0,0,0,1,0,0,0,0,0,0.37,0,0,0,0,0,0,0,0,0,0,0,0,0,0,0,0,0,0
3060,3060515,"9/24/2005",3,2005,25.75,-113.12,25.55556,"Thunnus albacares",762,1,0,0,0,0,0,0,0,0,0,0,0.32,0,0,0,0,0,0,0,0,0,0,0,0,0,0,0,0,0,0
3060,3060516,"9/24/2005",3,2005,25.75,-113.12,25.55556,"Thunnus albacares",765,1,0,0,0,0,0,0,0,0,0,0,0,0,0,0,0,0,0,0,0,0,0,0,0.29,0,0,0,0,0,0
3060,3060517,"9/24/2005",3,2005,25.75,-113.12,25.55556,"Thunnus albacares",786,5,0,0,0,0,3.47,0,0,0,0,0,0,0,0,0,0,0,0,0,0,0,0,0,0,0,0,0,0,0,0
3060,3060518,"9/24/2005",3,2005,25.75,-113.12,25.55556,"Thunnus albacares",798,5,0,0,0,0,0,0,0,0,0,0,0,0,0,0,0,0,0,0,0,0,0,0,0,0,9.87,0,0,0,0
3060,3060519,"9/24/2005",3,2005,25.75,-113.12,25.55556,"Thunnus albacares",652,20,0,0,0,0,0,0,0,0,0,0,60.99,0,0,0,0,0,0,0,0,0,0,0,0,0,0,0,0,0,0
3161,3161520,"10/21/2005",4,2005,9.03,-117.87,27.83333,"Thunnus albacares",978,1,0,0,0,0,0,0,0,0,0,0,0,0,0,0,0,0,0,0,0,0,0,0,0,0,5.4,0,0,0,0
3161,3161521,"10/21/2005",4,2005,9.03,-117.87,27.83333,"Thunnus albacares",934,1,0,0,0,0,0,0,0,0,0,0,0,0,0,0,0,0,0,0,0,0,0,0,0,0,0.7,0,0,0,0
3161,3161522,"10/21/2005",4,2005,9.03,-117.87,27.83333,"Thunnus albacares",956,40,0,0,0,0,0,0,0,0,0,0,0,0,0,0,0,0,0,0,0,0,0,0,0,0,33.3,0,0,0,0
3161,3161523,"10/21/2005",4,2005,9.03,-117.87,27.83333,"Thunnus albacares",968,1,0,0,0,0,0,0,0,0,0,0,0,0,0,0,0,0,0,0,0,0,0,0,0,0,4.1,0,0,0,0
3161,3161524,"10/21/2005",4,2005,9.03,-117.87,27.83333,"Thunnus albacares",887,1,0,0,0,0,0,0,0,0,0,0,0,0,0,0,0,0,0,0,0,0,0,0,0,0,3,0,0,0,0
3161,3161525,"10/21/2005",4,2005,9.03,-117.87,27.83333,"Thunnus albacares",1001,30,0,0,0,0,0,0,0,0,0,0,0,0,0,0,0,0,0,0,0,0,0,0,0,0,31.9,0,0,0,0
3161,3161526,"10/21/2005",4,2005,9.03,-117.87,27.83333,"Thunnus albacares",1043,40,0,0,0,0,0,0,0,0,0,0,0,0,0,0,0,0,0,0,0,0,0,0,0,0,32.1,0,0,0,0
3161,3161527,"10/21/2005",4,2005,9.03,-117.87,27.83333,"Thunnus albacares",1013,5,0,0,0,0,0,0,0,0,0,0,0,0,0,0,0,0,0,0,0,0,0,0,0,0,6.1,0,0,0,0
3161,3161528,"10/21/2005",4,2005,9.03,-117.87,27.83333,"Thunnus albacares",1085,1,0,0,0,0,0,0,0,0,0,0,0,0,0,0,0,0,0,0,0,0,0,0,0,0,1.7,0,0,0,0
3161,3161529,"10/21/2005",4,2005,9.03,-117.87,27.83333,"Thunnus albacares",1013,70,0,0,0,0,0,0,0,0,0,0,0,0,0,0,0,0,0,0,0,0,0,0,0,0,56.3,0,0,0,56
3162,3162530,"11/03/2005",4,2005,10.45,-112.35,27.88889,"Thunnus albacares",859,50,0,0,0,0,0,0,0,0,0,0,0,0,0,0,0,0,0,0,0,0,0,0,0,0,56.7,0,0,0,0
3162,3162531,"11/03/2005",4,2005,10.45,-112.35,27.88889,"Thunnus albacares",971,70,0,0,0,0,0,0,0,0,0,0,37.6,0,0,0,0,0,0,0,0,0,0,0,40,0,0,0,0,0,0
3162,3162532,"11/03/2005",4,2005,10.45,-112.35,27.88889,"Thunnus albacares",1092,20,0,0,0,0,0,0,0,0,0,0,30.6,0,0,0,0,0,0,0,0,0,0,0,0,0,0,0,0,0,0
3162,3162533,"11/03/2005",4,2005,10.45,-112.35,27.88889,"Thunnus albacares",1027,80,0,0,0,0,0,0,0,0,0,0,0,0,0,0,0,0,0,0,0,0,0,0,0,0,127.7,0,0,0,0
3162,3162534,"11/03/2005",4,2005,10.45,-112.35,27.88889,"Thunnus albacares",1068,70,0,0,0,0,0,0,0,0,0,0,20,0,0,0,0,0,0,0,0,0,0,0,88.3,0,0,0,0,0,0
3162,3162535,"11/03/2005",4,2005,10.45,-112.35,27.88889,"Thunnus albacares",1067,40,0,0,0,0,0,0,0,0,0,0,50.3,0,0,0,0,0,0,0,0,0,0,0,0,0,0,0,0,0,0
3162,3162536,"11/03/2005",4,2005,10.45,-112.35,27.88889,"Thunnus albacares",1052,5,0,0,0,0,0,0,0,0,0,0,8.5,0,0,0,0,0,0,0,0,0,0,0,0,0,0,0,0,0,0
3162,3162537,"11/03/2005",4,2005,10.45,-112.35,27.88889,"Thunnus albacares",1074,5,0,0,0,0,0,0,0,0,0,0,10,0,0,0,0,0,0,0,0,0,0,0,0,0,0,0,0,0,0
3162,3162538,"11/03/2005",4,2005,10.45,-112.35,27.88889,"Thunnus albacares",957,60,0,0,0,0,0,0,0,0,0,0,71.5,0,0,0,0,0,0,0,0,0,0,0,0,0,0,0,0,0,0
3162,3162539,"11/03/2005",4,2005,10.45,-112.35,27.88889,"Thunnus albacares",1087,20,0,0,0,0,0,0,0,0,0,0,31.7,0,0,0,0,0,0,0,0,0,0,0,0,0,0,0,0,0,0
3162,3162540,"11/03/2005",4,2005,10.45,-112.35,27.88889,"Thunnus albacares",1010,30,0,0,0,0,0,0,0,0,0,0,31.8,0,0,0,0,0,0,0,0,0,0,0,0,0,0,0,0,0,0
3162,3162541,"11/03/2005",4,2005,10.45,-112.35,27.88889,"Thunnus albacares",1047,40,0,0,0,0,0,0,0,0,0,0,44.1,0,0,0,0,0,0,0,0,0,0,0,0,0,0,0,0,0,0
3263,3263542,"10/19/2005",4,2005,9.08,-122.13,26.66667,"Thunnus albacares",863,1,0,0,0,0,0,0,0,0,0,0,0,0,0,0,0,0,0,0,0,0,0,0,0.96,0,0,0,0,0,0
3263,3263543,"10/19/2005",4,2005,9.08,-122.13,26.66667,"Thunnus albacares",719,5,0,0,0,0,0,0,0,0,0,0,0,0,0,0,0,0,0,0,0,0,0,0,1.62,0,0,0,0,0,0
3263,3263544,"10/19/2005",4,2005,9.08,-122.13,26.66667,"Thunnus albacares",565,1,0,0,0,0,0,0,0,0,0,0,0,0,0,0,0,0,0,0,0,0,0,0,0.35,0,0,0,0,0,0
3263,3263545,"10/19/2005",4,2005,9.08,-122.13,26.66667,"Thunnus albacares",554,1,0,0,0,0,0,0,0,0,0,0,0,0,0,0,0,0,0,0,0,0,0,0,0.34,0,0,0,0,0,0
3263,3263546,"10/19/2005",4,2005,9.08,-122.13,26.66667,"Thunnus albacares",576,1,0,0,0,0,0,0,0,0,0,0,0,0,0,0,0,0,0,0,0,0,0,0,1.95,0,0,0,0,0,0
3264,3264547,"10/28/2005",4,2005,10,-104.62,27.22222,"Thunnus albacares",920,50,0,0,0,0,0,0,0,0,0,0,0,0,0,5,0,0,0,0,0,0,0,0,0,0,100,0,0,0,0
3264,3264548,"10/28/2005",4,2005,10,-104.62,27.22222,"Thunnus albacares",895,20,0,0,0,0,0,0,0,0,0,0,0,0,0,5,0,0,0,0,0,0,0,0,0,0,15,0,0,0,0
3264,3264549,"10/28/2005",4,2005,10,-104.62,27.22222,"Thunnus albacares",897,40,0,0,0,0,0,0,0,0,0,0,0,0,0,11,0,0,0,0,0,0,0,0,0,0,57,0,0,0,0
3264,3264550,"10/28/2005",4,2005,10,-104.62,27.22222,"Thunnus albacares",869,60,0,0,0,0,0,11,0,0,0,0,0,0,0,16,0,0,0,0,0,0,0,0,0,0,85,0,0,0,0
3264,3264551,"10/28/2005",4,2005,10,-104.62,27.22222,"Thunnus albacares",892,30,0,0,0,0,0,0,0,0,0,0,0,0,0,0,0,0,0,0,0,0,0,0,0,0,24,0,0,0,0
3264,3264552,"10/28/2005",4,2005,10,-104.62,27.22222,"Thunnus albacares",931,70,0,0,0,0,0,0,0,0,0,0,0,0,0,7,0,0,0,0,0,0,0,0,0,0,158,0,0,0,0
3264,3264553,"10/28/2005",4,2005,10,-104.62,27.22222,"Thunnus albacares",785,30,0,0,0,0,0,0,0,0,0,0,0,0,0,7,0,0,0,0,0,0,0,0,0,0,54,0,0,0,0
3264,3264554,"10/28/2005",4,2005,10,-104.62,27.22222,"Thunnus albacares",896,90,0,0,0,0,0,0,0,0,0,0,0,0,0,4,0,0,0,0,0,0,0,0,0,0,232,0,0,0,0
3264,3264555,"10/28/2005",4,2005,10,-104.62,27.22222,"Thunnus albacares",923,30,0,0,0,0,0,0,0,0,0,0,0,0,0,0,0,0,0,0,0,0,0,0,0,0,141.27,0,0,0,0
3264,3264556,"10/28/2005",4,2005,10,-104.62,27.22222,"Thunnus albacares",793,40,0,0,0,0,0,0,0,0,0,0,0,0,0,10,0,0,0,0,0,0,0,0,0,0,50,0,0,0,0
3365,3365557,"11/16/2005",4,2005,22.12,-106.82,26.72222,"Thunnus albacares",550,30,0,0,0,0,0,0,0,0,0,0,0,0,0,0,0,0,0,0,0,6,0,0,30,0,5,0,0,0,0
3365,3365558,"11/16/2005",4,2005,22.12,-106.82,26.72222,"Thunnus albacares",618,10,0,0,0,0,0,0,0,0,0,0,0,0,0,0,0,0,0,0,0,9,0,0,12,0,0,0,0,0,0
3365,3365559,"11/16/2005",4,2005,22.12,-106.82,26.72222,"Thunnus albacares",574,10,0,0,0,0,0,0,0,0,0,0,0,0,0,0,0,0,0,0,0,11,0,0,13,0,0,0,0,0,0
3365,3365560,"11/16/2005",4,2005,22.12,-106.82,26.72222,"Thunnus albacares",626,20,0,0,0,0,0,0,0,0,0,0,0,0,0,0,0,0,0,0,0,0,0,0,29,0,0,0,0,0,0
3365,3365561,"11/16/2005",4,2005,22.12,-106.82,26.72222,"Thunnus albacares",696,30,0,0,0,0,0,0,0,0,0,0,0,0,0,0,0,0,0,0,0,0,0,0,54,0,0,0,0,0,0
3365,3365562,"11/16/2005",4,2005,22.12,-106.82,26.72222,"Thunnus albacares",895,30,0,0,0,0,0,0,0,0,0,0,0,0,0,0,0,0,0,0,0,6,0,0,42,0,0,0,0,0,0
3365,3365563,"11/16/2005",4,2005,22.12,-106.82,26.72222,"Thunnus albacares",583,40,0,0,0,0,0,0,0,0,0,0,0,0,0,0,0,0,0,0,0,12,0,0,64,0,0,0,0,0,0
3365,3365564,"11/16/2005",4,2005,22.12,-106.82,26.72222,"Thunnus albacares",536,20,0,0,0,0,0,0,0,0,0,0,0,0,0,0,0,0,0,0,0,25,0,0,8,0,0,0,0,0,0
3365,3365565,"11/16/2005",4,2005,22.12,-106.82,26.72222,"Thunnus albacares",494,10,0,0,0,0,0,0,0,0,0,0,0,0,0,0,0,0,0,0,0,14,0,0,0,0,0,0,0,0,0
3365,3365566,"11/16/2005",4,2005,22.12,-106.82,26.72222,"Thunnus albacares",611,20,0,0,0,0,0,0,0,0,0,0,0,0,0,0,0,0,0,0,0,33,0,0,7,0,0,0,0,0,0
3365,3365567,"11/16/2005",4,2005,22.12,-106.82,26.72222,"Thunnus albacares",531,30,0,0,0,0,0,0,0,0,0,0,0,0,0,0,0,0,0,0,0,26,0,0,21,0,0,0,0,0,0
3365,3365568,"11/16/2005",4,2005,22.12,-106.82,26.72222,"Thunnus albacares",564,10,0,0,0,0,0,0,0,0,0,0,0,0,0,0,0,0,0,0,0,0,0,0,11,0,0,0,0,0,0
3365,3365569,"11/16/2005",4,2005,22.12,-106.82,26.72222,"Thunnus albacares",515,10,0,0,0,0,0,0,0,0,0,0,0,0,0,0,0,0,0,0,0,10,0,0,13,0,0,0,0,0,0
3365,3365570,"11/16/2005",4,2005,22.12,-106.82,26.72222,"Thunnus albacares",603,5,0,0,0,0,0,0,0,0,0,0,0,0,0,0,0,0,0,0,0,0,0,0,8,0,0,0,0,0,0
3365,3365571,"11/16/2005",4,2005,22.12,-106.82,26.72222,"Thunnus albacares",586,5,0,0,0,0,0,0,0,0,0,0,0,0,0,0,0,0,0,0,0,0,0,0,9,0,0,0,0,0,0
