"TripSetNo","TripSetPredNo","Date","Quarter","Year","Lat","Lon","SST","PredSpp","Length","Fullness","Family","PropW"
11,111,"9/22/2003",3,2003,18.42,-116.02,26.94444,"Thunnus albacares",1266,80,"Galatheidae",1
11,112,"9/22/2003",3,2003,18.42,-116.02,26.94444,"Thunnus albacares",1069,100,"Galatheidae",0.961601861
11,112,"9/22/2003",3,2003,18.42,-116.02,26.94444,"Thunnus albacares",1069,100,"Ommastrephidae",0.0384
11,113,"9/22/2003",3,2003,18.42,-116.02,26.94444,"Thunnus albacares",890,80,"Balistidae",0.044179722
11,113,"9/22/2003",3,2003,18.42,-116.02,26.94444,"Thunnus albacares",890,80,"Ostraciidae",0.955820278
11,114,"9/22/2003",3,2003,18.42,-116.02,26.94444,"Thunnus albacares",814,80,"Balistidae",0.0132
11,114,"9/22/2003",3,2003,18.42,-116.02,26.94444,"Thunnus albacares",814,80,"Ostraciidae",0.986804657
11,115,"9/22/2003",3,2003,18.42,-116.02,26.94444,"Thunnus albacares",874,80,"Ostraciidae",1
11,116,"9/22/2003",3,2003,18.42,-116.02,26.94444,"Thunnus albacares",867,20,"Galatheidae",1
11,117,"9/22/2003",3,2003,18.42,-116.02,26.94444,"Thunnus albacares",1281,30,"Balistidae",0.630481681
11,117,"9/22/2003",3,2003,18.42,-116.02,26.94444,"Thunnus albacares",1281,30,"Galatheidae",0.173256651
11,117,"9/22/2003",3,2003,18.42,-116.02,26.94444,"Thunnus albacares",1281,30,"Ommastrephidae",0.186915875
11,117,"9/22/2003",3,2003,18.42,-116.02,26.94444,"Thunnus albacares",1281,30,"Ostraciidae",0.00935
11,118,"9/22/2003",3,2003,18.42,-116.02,26.94444,"Thunnus albacares",855,50,"Galatheidae",0.136405109
11,118,"9/22/2003",3,2003,18.42,-116.02,26.94444,"Thunnus albacares",855,50,"Ommastrephidae",0.863594891
11,119,"9/22/2003",3,2003,18.42,-116.02,26.94444,"Thunnus albacares",822,80,"Exocoetidae",0.520947168
11,119,"9/22/2003",3,2003,18.42,-116.02,26.94444,"Thunnus albacares",822,80,"Galatheidae",0.041
11,119,"9/22/2003",3,2003,18.42,-116.02,26.94444,"Thunnus albacares",822,80,"Phosichthyidae",0.0282
11,119,"9/22/2003",3,2003,18.42,-116.02,26.94444,"Thunnus albacares",822,80,"Tetraodontidae",0.409836074
11,1110,"9/22/2003",3,2003,18.42,-116.02,26.94444,"Thunnus albacares",1059,70,"Exocoetidae",0.0827
11,1110,"9/22/2003",3,2003,18.42,-116.02,26.94444,"Thunnus albacares",1059,70,"Galatheidae",0.917282813
12,1211,"10/06/2003",4,2003,11.68,-120.28,28.33333,"Thunnus albacares",1141,85,"Scombridae",1
12,1212,"10/06/2003",4,2003,11.68,-120.28,28.33333,"Thunnus albacares",917,40,"Scombridae",1
12,1213,"10/06/2003",4,2003,11.68,-120.28,28.33333,"Thunnus albacares",908,15,"Phosichthyidae",1
12,1214,"10/06/2003",4,2003,11.68,-120.28,28.33333,"Thunnus albacares",1025,15,"Balistidae",0.344827575
12,1214,"10/06/2003",4,2003,11.68,-120.28,28.33333,"Thunnus albacares",1025,15,"Exocoetidae",0.655172425
12,1215,"10/06/2003",4,2003,11.68,-120.28,28.33333,"Thunnus albacares",1274,20,"Balistidae",0.0678
12,1215,"10/06/2003",4,2003,11.68,-120.28,28.33333,"Thunnus albacares",1274,20,"Ommastrephidae",0.14858491
12,1215,"10/06/2003",4,2003,11.68,-120.28,28.33333,"Thunnus albacares",1274,20,"Phosichthyidae",0.783608487
12,1216,"10/06/2003",4,2003,11.68,-120.28,28.33333,"Thunnus albacares",1151,30,"Phosichthyidae",1
12,1217,"10/06/2003",4,2003,11.68,-120.28,28.33333,"Thunnus albacares",871,80,"Hemiramphidae",0.000409
12,1217,"10/06/2003",4,2003,11.68,-120.28,28.33333,"Thunnus albacares",871,80,"Phosichthyidae",0.999591448
12,1218,"10/06/2003",4,2003,11.68,-120.28,28.33333,"Thunnus albacares",822,80,"Octopodidae",0.0181
12,1218,"10/06/2003",4,2003,11.68,-120.28,28.33333,"Thunnus albacares",822,80,"Phosichthyidae",0.981908638
12,1219,"10/06/2003",4,2003,11.68,-120.28,28.33333,"Thunnus albacares",840,80,"Hemiramphidae",0.506250001
12,1219,"10/06/2003",4,2003,11.68,-120.28,28.33333,"Thunnus albacares",840,80,"Phosichthyidae",0.493749999
12,1220,"10/06/2003",4,2003,11.68,-120.28,28.33333,"Thunnus albacares",974,30,"Phosichthyidae",1
23,2321,"9/09/2003",3,2003,24.25,-112.32,25.83333,"Thunnus albacares",1155,80,"Galatheidae",0.0298
23,2321,"9/09/2003",3,2003,24.25,-112.32,25.83333,"Thunnus albacares",1155,80,"Octopodidae",0.0268
23,2321,"9/09/2003",3,2003,24.25,-112.32,25.83333,"Thunnus albacares",1155,80,"Ommastrephidae",0.943415931
23,2322,"9/09/2003",3,2003,24.25,-112.32,25.83333,"Thunnus albacares",1108,80,"Octopodidae",0.00745
23,2322,"9/09/2003",3,2003,24.25,-112.32,25.83333,"Thunnus albacares",1108,80,"Ommastrephidae",0.992546646
23,2323,"9/09/2003",3,2003,24.25,-112.32,25.83333,"Thunnus albacares",1047,90,"Galatheidae",0.109583295
23,2323,"9/09/2003",3,2003,24.25,-112.32,25.83333,"Thunnus albacares",1047,90,"Ommastrephidae",0.890416705
23,2324,"9/09/2003",3,2003,24.25,-112.32,25.83333,"Thunnus albacares",1095,30,"Coryphaenidae",0.0364
23,2324,"9/09/2003",3,2003,24.25,-112.32,25.83333,"Thunnus albacares",1095,30,"Galatheidae",0.498861059
23,2324,"9/09/2003",3,2003,24.25,-112.32,25.83333,"Thunnus albacares",1095,30,"Ommastrephidae",0.464692472
23,2325,"9/09/2003",3,2003,24.25,-112.32,25.83333,"Thunnus albacares",1115,50,"Ommastrephidae",1
23,2326,"9/09/2003",3,2003,24.25,-112.32,25.83333,"Thunnus albacares",1129,60,"Galatheidae",0.359640607
23,2326,"9/09/2003",3,2003,24.25,-112.32,25.83333,"Thunnus albacares",1129,60,"Ommastrephidae",0.640359393
23,2327,"9/09/2003",3,2003,24.25,-112.32,25.83333,"Thunnus albacares",1140,90,"Ommastrephidae",1
23,2328,"9/09/2003",3,2003,24.25,-112.32,25.83333,"Thunnus albacares",1079,80,"Ommastrephidae",1
23,2329,"9/09/2003",3,2003,24.25,-112.32,25.83333,"Thunnus albacares",639,30,"Ommastrephidae",1
23,2330,"9/09/2003",3,2003,24.25,-112.32,25.83333,"Thunnus albacares",1008,80,"Galatheidae",0.00313
23,2330,"9/09/2003",3,2003,24.25,-112.32,25.83333,"Thunnus albacares",1008,80,"Ommastrephidae",0.996866042
23,2331,"9/09/2003",3,2003,24.25,-112.32,25.83333,"Thunnus albacares",1083,50,"Galatheidae",0.217533646
23,2331,"9/09/2003",3,2003,24.25,-112.32,25.83333,"Thunnus albacares",1083,50,"Ommastrephidae",0.782466354
23,2332,"9/09/2003",3,2003,24.25,-112.32,25.83333,"Thunnus albacares",991,50,"Ommastrephidae",1
23,2333,"9/09/2003",3,2003,24.25,-112.32,25.83333,"Thunnus albacares",646,20,"Galatheidae",0.0257
23,2333,"9/09/2003",3,2003,24.25,-112.32,25.83333,"Thunnus albacares",646,20,"Ommastrephidae",0.974308301
23,2334,"9/09/2003",3,2003,24.25,-112.32,25.83333,"Thunnus albacares",1073,90,"Ommastrephidae",1
24,2435,"9/23/2003",3,2003,12.57,-115.55,28.05556,"Thunnus albacares",853,50,"Scombridae",1
24,2436,"9/23/2003",3,2003,12.57,-115.55,28.05556,"Thunnus albacares",667,5,"Phosichthyidae",1
24,2437,"9/23/2003",3,2003,12.57,-115.55,28.05556,"Thunnus albacares",756,5,"Galatheidae",0.15817223
24,2437,"9/23/2003",3,2003,12.57,-115.55,28.05556,"Thunnus albacares",756,5,"Ommastrephidae",0.84182777
24,2438,"9/23/2003",3,2003,12.57,-115.55,28.05556,"Thunnus albacares",882,5,"Galatheidae",1
24,2439,"9/23/2003",3,2003,12.57,-115.55,28.05556,"Thunnus albacares",732,10,"Ommastrephidae",1
24,2440,"9/23/2003",3,2003,12.57,-115.55,28.05556,"Thunnus albacares",673,10,"Galatheidae",1
24,2441,"9/23/2003",3,2003,12.57,-115.55,28.05556,"Thunnus albacares",551,10,"Ommastrephidae",1
35,3542,"9/29/2003",3,2003,5.85,-98.1,27.4,"Thunnus albacares",572,10,"Hemiramphidae",1
35,3543,"9/29/2003",3,2003,5.85,-98.1,27.4,"Thunnus albacares",613,1,"Phosichthyidae",1
46,4644,"9/29/2003",3,2003,12.18,-113.43,27,"Thunnus albacares",794,5,"Phosichthyidae",1
46,4645,"9/29/2003",3,2003,12.18,-113.43,27,"Thunnus albacares",803,10,"Galatheidae",1
46,4646,"9/29/2003",3,2003,12.18,-113.43,27,"Thunnus albacares",709,10,"Galatheidae",1
46,4647,"9/29/2003",3,2003,12.18,-113.43,27,"Thunnus albacares",962,15,"Galatheidae",0.813397139
46,4647,"9/29/2003",3,2003,12.18,-113.43,27,"Thunnus albacares",962,15,"Phosichthyidae",0.186602861
46,4648,"9/29/2003",3,2003,12.18,-113.43,27,"Thunnus albacares",976,10,"Phosichthyidae",1
46,4649,"9/29/2003",3,2003,12.18,-113.43,27,"Thunnus albacares",901,10,"Phosichthyidae",1
46,4650,"9/29/2003",3,2003,12.18,-113.43,27,"Thunnus albacares",727,20,"Phosichthyidae",1
46,4651,"9/29/2003",3,2003,12.18,-113.43,27,"Thunnus albacares",793,10,"Galatheidae",1
46,4652,"9/29/2003",3,2003,12.18,-113.43,27,"Thunnus albacares",780,5,"Galatheidae",1
47,4753,"10/08/2003",4,2003,11.73,-120.73,28.5,"Thunnus albacares",755,20,"Phosichthyidae",1
47,4754,"10/08/2003",4,2003,11.73,-120.73,28.5,"Thunnus albacares",1098,25,"Phosichthyidae",1
47,4755,"10/08/2003",4,2003,11.73,-120.73,28.5,"Thunnus albacares",940,5,"Phosichthyidae",1
47,4756,"10/08/2003",4,2003,11.73,-120.73,28.5,"Thunnus albacares",1045,5,"Ostraciidae",1
47,4757,"10/08/2003",4,2003,11.73,-120.73,28.5,"Thunnus albacares",749,25,"Phosichthyidae",1
47,4758,"10/08/2003",4,2003,11.73,-120.73,28.5,"Thunnus albacares",1228,40,"Phosichthyidae",1
47,4759,"10/08/2003",4,2003,11.73,-120.73,28.5,"Thunnus albacares",1050,5,"Phosichthyidae",1
47,4760,"10/08/2003",4,2003,11.73,-120.73,28.5,"Thunnus albacares",1058,10,"Ommastrephidae",0.917525774
47,4760,"10/08/2003",4,2003,11.73,-120.73,28.5,"Thunnus albacares",1058,10,"Phosichthyidae",0.0825
47,4761,"10/08/2003",4,2003,11.73,-120.73,28.5,"Thunnus albacares",708,5,"Ostraciidae",1
58,5862,"10/14/2003",4,2003,11.78,-114.68,28.33333,"Thunnus albacares",814,100,"Galatheidae",0.039
58,5862,"10/14/2003",4,2003,11.78,-114.68,28.33333,"Thunnus albacares",814,100,"Scombridae",0.961042613
58,5863,"10/14/2003",4,2003,11.78,-114.68,28.33333,"Thunnus albacares",927,100,"Galatheidae",1
58,5864,"10/14/2003",4,2003,11.78,-114.68,28.33333,"Thunnus albacares",892,100,"Galatheidae",0.120163714
58,5864,"10/14/2003",4,2003,11.78,-114.68,28.33333,"Thunnus albacares",892,100,"Scombridae",0.879836286
58,5865,"10/14/2003",4,2003,11.78,-114.68,28.33333,"Thunnus albacares",904,25,"Galatheidae",1
58,5866,"10/14/2003",4,2003,11.78,-114.68,28.33333,"Thunnus albacares",807,25,"Galatheidae",1
58,5867,"10/14/2003",4,2003,11.78,-114.68,28.33333,"Thunnus albacares",862,100,"Galatheidae",1
58,5868,"10/14/2003",4,2003,11.78,-114.68,28.33333,"Thunnus albacares",835,100,"Balistidae",0.185897434
58,5868,"10/14/2003",4,2003,11.78,-114.68,28.33333,"Thunnus albacares",835,100,"Galatheidae",0.814102566
58,5869,"10/14/2003",4,2003,11.78,-114.68,28.33333,"Thunnus albacares",843,25,"Galatheidae",1
58,5870,"10/14/2003",4,2003,11.78,-114.68,28.33333,"Thunnus albacares",481,5,"Galatheidae",1
58,5871,"10/14/2003",4,2003,11.78,-114.68,28.33333,"Thunnus albacares",890,10,"Galatheidae",0.998657718
58,5871,"10/14/2003",4,2003,11.78,-114.68,28.33333,"Thunnus albacares",890,10,"Scombridae",0.00134
58,5872,"10/14/2003",4,2003,11.78,-114.68,28.33333,"Thunnus albacares",864,100,"Galatheidae",1
58,5873,"10/14/2003",4,2003,11.78,-114.68,28.33333,"Thunnus albacares",850,75,"Galatheidae",0.461077845
58,5873,"10/14/2003",4,2003,11.78,-114.68,28.33333,"Thunnus albacares",850,75,"Scombridae",0.538922155
59,5974,"10/21/2003",4,2003,13.75,-113.07,28.61111,"Thunnus albacares",934,30,"Galatheidae",0.9998002
59,5974,"10/21/2003",4,2003,13.75,-113.07,28.61111,"Thunnus albacares",934,30,"Ostraciidae",2e-04
59,5975,"10/21/2003",4,2003,13.75,-113.07,28.61111,"Thunnus albacares",880,30,"Galatheidae",1
59,5976,"10/21/2003",4,2003,13.75,-113.07,28.61111,"Thunnus albacares",896,30,"Galatheidae",1
59,5977,"10/21/2003",4,2003,13.75,-113.07,28.61111,"Thunnus albacares",857,50,"Galatheidae",1
59,5978,"10/21/2003",4,2003,13.75,-113.07,28.61111,"Thunnus albacares",839,70,"Galatheidae",1
59,5979,"10/21/2003",4,2003,13.75,-113.07,28.61111,"Thunnus albacares",860,30,"Galatheidae",1
59,5980,"10/21/2003",4,2003,13.75,-113.07,28.61111,"Thunnus albacares",857,30,"Galatheidae",1
59,5981,"10/21/2003",4,2003,13.75,-113.07,28.61111,"Thunnus albacares",583,50,"Galatheidae",1
59,5982,"10/21/2003",4,2003,13.75,-113.07,28.61111,"Thunnus albacares",500,70,"Galatheidae",1
59,5983,"10/21/2003",4,2003,13.75,-113.07,28.61111,"Thunnus albacares",490,70,"Galatheidae",1
510,51084,"10/24/2003",4,2003,10.53,-109.02,27.77778,"Thunnus albacares",521,100,"StomatopodaO",1
511,51185,"10/27/2003",4,2003,11.35,-113,28.05556,"Thunnus albacares",907,10,"Galatheidae",1
511,51186,"10/27/2003",4,2003,11.35,-113,28.05556,"Thunnus albacares",974,10,"Exocoetidae",0.0955
511,51186,"10/27/2003",4,2003,11.35,-113,28.05556,"Thunnus albacares",974,10,"Galatheidae",0.904545458
511,51187,"10/27/2003",4,2003,11.35,-113,28.05556,"Thunnus albacares",649,10,"Galatheidae",1
511,51188,"10/27/2003",4,2003,11.35,-113,28.05556,"Thunnus albacares",650,20,"Galatheidae",1
511,51189,"10/27/2003",4,2003,11.35,-113,28.05556,"Thunnus albacares",632,20,"Exocoetidae",0.000616
511,51189,"10/27/2003",4,2003,11.35,-113,28.05556,"Thunnus albacares",632,20,"Galatheidae",0.999384236
511,51190,"10/27/2003",4,2003,11.35,-113,28.05556,"Thunnus albacares",514,15,"Galatheidae",1
511,51191,"10/27/2003",4,2003,11.35,-113,28.05556,"Thunnus albacares",480,10,"Galatheidae",1
612,61292,"9/24/2003",3,2003,13.65,-113.73,28.88889,"Thunnus albacares",920,15,"Galatheidae",1
612,61293,"9/24/2003",3,2003,13.65,-113.73,28.88889,"Thunnus albacares",840,10,"Galatheidae",1
612,61294,"9/24/2003",3,2003,13.65,-113.73,28.88889,"Thunnus albacares",830,30,"Galatheidae",1
612,61295,"9/24/2003",3,2003,13.65,-113.73,28.88889,"Thunnus albacares",920,70,"Galatheidae",1
612,61296,"9/24/2003",3,2003,13.65,-113.73,28.88889,"Thunnus albacares",800,30,"Exocoetidae",0.0155
612,61296,"9/24/2003",3,2003,13.65,-113.73,28.88889,"Thunnus albacares",800,30,"Galatheidae",0.98454604
612,61297,"9/24/2003",3,2003,13.65,-113.73,28.88889,"Thunnus albacares",770,70,"Galatheidae",0.793185516
612,61297,"9/24/2003",3,2003,13.65,-113.73,28.88889,"Thunnus albacares",770,70,"Ommastrephidae",0.206814484
612,61298,"9/24/2003",3,2003,13.65,-113.73,28.88889,"Thunnus albacares",900,10,"Galatheidae",1
612,61299,"9/24/2003",3,2003,13.65,-113.73,28.88889,"Thunnus albacares",850,40,"Galatheidae",1
612,612100,"9/24/2003",3,2003,13.65,-113.73,28.88889,"Thunnus albacares",720,70,"Galatheidae",1
612,612101,"9/24/2003",3,2003,13.65,-113.73,28.88889,"Thunnus albacares",770,30,"Galatheidae",1
612,612102,"9/24/2003",3,2003,13.65,-113.73,28.88889,"Thunnus albacares",800,30,"Galatheidae",1
612,612103,"9/24/2003",3,2003,13.65,-113.73,28.88889,"Thunnus albacares",960,20,"Galatheidae",1
612,612104,"9/24/2003",3,2003,13.65,-113.73,28.88889,"Thunnus albacares",830,30,"Galatheidae",1
612,612105,"9/24/2003",3,2003,13.65,-113.73,28.88889,"Thunnus albacares",580,30,"Galatheidae",1
612,612106,"9/24/2003",3,2003,13.65,-113.73,28.88889,"Thunnus albacares",565,70,"Galatheidae",1
612,612107,"9/24/2003",3,2003,13.65,-113.73,28.88889,"Thunnus albacares",470,70,"Galatheidae",1
613,613108,"10/07/2003",4,2003,11.18,-119.18,28.33333,"Thunnus albacares",830,40,"Phosichthyidae",1
613,613109,"10/07/2003",4,2003,11.18,-119.18,28.33333,"Thunnus albacares",900,40,"Balistidae",0.495710193
613,613109,"10/07/2003",4,2003,11.18,-119.18,28.33333,"Thunnus albacares",900,40,"Tetraodontidae",0.504289807
613,613110,"10/07/2003",4,2003,11.18,-119.18,28.33333,"Thunnus albacares",750,60,"Argonautidae",0.0327
613,613110,"10/07/2003",4,2003,11.18,-119.18,28.33333,"Thunnus albacares",750,60,"Phosichthyidae",0.967289718
613,613111,"10/07/2003",4,2003,11.18,-119.18,28.33333,"Thunnus albacares",711,60,"Argonautidae",0.012
613,613111,"10/07/2003",4,2003,11.18,-119.18,28.33333,"Thunnus albacares",711,60,"Exocoetidae",0.0109
613,613111,"10/07/2003",4,2003,11.18,-119.18,28.33333,"Thunnus albacares",711,60,"Phosichthyidae",0.977142858
613,613112,"10/07/2003",4,2003,11.18,-119.18,28.33333,"Thunnus albacares",862,40,"Phosichthyidae",1
613,613113,"10/07/2003",4,2003,11.18,-119.18,28.33333,"Thunnus albacares",820,40,"Phosichthyidae",1
613,613114,"10/07/2003",4,2003,11.18,-119.18,28.33333,"Thunnus albacares",700,100,"Scombridae",1
613,613115,"10/07/2003",4,2003,11.18,-119.18,28.33333,"Thunnus albacares",652,50,"Argonautidae",0.0313
613,613115,"10/07/2003",4,2003,11.18,-119.18,28.33333,"Thunnus albacares",652,50,"Ostraciidae",0.0309
613,613115,"10/07/2003",4,2003,11.18,-119.18,28.33333,"Thunnus albacares",652,50,"Phosichthyidae",0.937762504
613,613116,"10/07/2003",4,2003,11.18,-119.18,28.33333,"Thunnus albacares",660,70,"Argonautidae",1
613,613117,"10/07/2003",4,2003,11.18,-119.18,28.33333,"Thunnus albacares",596,70,"Argonautidae",0.00526
613,613117,"10/07/2003",4,2003,11.18,-119.18,28.33333,"Thunnus albacares",596,70,"Ommastrephidae",0.0099
613,613117,"10/07/2003",4,2003,11.18,-119.18,28.33333,"Thunnus albacares",596,70,"Phosichthyidae",0.984843799
613,613118,"10/07/2003",4,2003,11.18,-119.18,28.33333,"Thunnus albacares",755,50,"Argonautidae",0.00828
613,613118,"10/07/2003",4,2003,11.18,-119.18,28.33333,"Thunnus albacares",755,50,"Phosichthyidae",0.991719745
613,613119,"10/07/2003",4,2003,11.18,-119.18,28.33333,"Thunnus albacares",730,50,"Ommastrephidae",0.0938
613,613119,"10/07/2003",4,2003,11.18,-119.18,28.33333,"Thunnus albacares",730,50,"Phosichthyidae",0.906249999
613,613120,"10/07/2003",4,2003,11.18,-119.18,28.33333,"Thunnus albacares",651,60,"Phosichthyidae",1
613,613121,"10/07/2003",4,2003,11.18,-119.18,28.33333,"Thunnus albacares",640,30,"Phosichthyidae",1
613,613122,"10/07/2003",4,2003,11.18,-119.18,28.33333,"Thunnus albacares",710,50,"Argonautidae",0.5
613,613122,"10/07/2003",4,2003,11.18,-119.18,28.33333,"Thunnus albacares",710,50,"Phosichthyidae",0.5
613,613123,"10/07/2003",4,2003,11.18,-119.18,28.33333,"Thunnus albacares",600,40,"Argonautidae",0.0178
613,613123,"10/07/2003",4,2003,11.18,-119.18,28.33333,"Thunnus albacares",600,40,"Phosichthyidae",0.982179576
614,614124,"10/27/2003",4,2003,21.65,-110.68,26.77778,"Thunnus albacares",970,80,"Exocoetidae",0.0865
614,614124,"10/27/2003",4,2003,21.65,-110.68,26.77778,"Thunnus albacares",970,80,"Galatheidae",0.913502109
614,614125,"10/27/2003",4,2003,21.65,-110.68,26.77778,"Thunnus albacares",1020,15,"Exocoetidae",1
614,614126,"10/27/2003",4,2003,21.65,-110.68,26.77778,"Thunnus albacares",1010,100,"Balistidae",0.266393452
614,614126,"10/27/2003",4,2003,21.65,-110.68,26.77778,"Thunnus albacares",1010,100,"Exocoetidae",0.733606548
614,614127,"10/27/2003",4,2003,21.65,-110.68,26.77778,"Thunnus albacares",974,25,"Galatheidae",0.0913
614,614127,"10/27/2003",4,2003,21.65,-110.68,26.77778,"Thunnus albacares",974,25,"Hemiramphidae",0.908675798
614,614128,"10/27/2003",4,2003,21.65,-110.68,26.77778,"Thunnus albacares",951,20,"Galatheidae",1
614,614129,"10/27/2003",4,2003,21.65,-110.68,26.77778,"Thunnus albacares",971,70,"Galatheidae",1
614,614130,"10/27/2003",4,2003,21.65,-110.68,26.77778,"Thunnus albacares",955,40,"Hemiramphidae",1
614,614131,"10/27/2003",4,2003,21.65,-110.68,26.77778,"Thunnus albacares",979,75,"Galatheidae",1
614,614132,"10/27/2003",4,2003,21.65,-110.68,26.77778,"Thunnus albacares",842,15,"Galatheidae",1
614,614133,"10/27/2003",4,2003,21.65,-110.68,26.77778,"Thunnus albacares",884,75,"Balistidae",0.0798
614,614133,"10/27/2003",4,2003,21.65,-110.68,26.77778,"Thunnus albacares",884,75,"Hemiramphidae",0.920237308
715,715134,"4/09/2004",2,2004,7.48,-79.65,25,"Thunnus albacares",618,25,"Portunidae",1
716,716135,"4/24/2004",2,2004,7.8,-79.27,25.7,"Thunnus albacares",956,25,"Octopodidae",0.533333331
716,716135,"4/24/2004",2,2004,7.8,-79.27,25.7,"Thunnus albacares",956,25,"Portunidae",0.466666669
716,716136,"4/24/2004",2,2004,7.8,-79.27,25.7,"Thunnus albacares",951,50,"Portunidae",1
716,716137,"4/24/2004",2,2004,7.8,-79.27,25.7,"Thunnus albacares",963,75,"BivalviaC",0.246478877
716,716137,"4/24/2004",2,2004,7.8,-79.27,25.7,"Thunnus albacares",963,75,"Octopodidae",0.605633804
716,716137,"4/24/2004",2,2004,7.8,-79.27,25.7,"Thunnus albacares",963,75,"Portunidae",0.147887319
716,716138,"4/24/2004",2,2004,7.8,-79.27,25.7,"Thunnus albacares",600,25,"Portunidae",1
716,716139,"4/24/2004",2,2004,7.8,-79.27,25.7,"Thunnus albacares",632,25,"Ommastrephidae",0.75
716,716139,"4/24/2004",2,2004,7.8,-79.27,25.7,"Thunnus albacares",632,25,"Portunidae",0.25
716,716140,"4/24/2004",2,2004,7.8,-79.27,25.7,"Thunnus albacares",593,50,"Penaeidae",0.0714
716,716140,"4/24/2004",2,2004,7.8,-79.27,25.7,"Thunnus albacares",593,50,"Portunidae",0.928571429
716,716141,"4/24/2004",2,2004,7.8,-79.27,25.7,"Thunnus albacares",574,25,"BivalviaC",0.375000006
716,716141,"4/24/2004",2,2004,7.8,-79.27,25.7,"Thunnus albacares",574,25,"Portunidae",0.624999994
716,716142,"4/24/2004",2,2004,7.8,-79.27,25.7,"Thunnus albacares",610,50,"BivalviaC",1
717,717143,"4/27/2004",2,2004,7.57,-78.67,26.6,"Thunnus albacares",632,100,"Myctophidae",1
717,717144,"4/27/2004",2,2004,7.57,-78.67,26.6,"Thunnus albacares",646,75,"Myctophidae",1
717,717145,"4/27/2004",2,2004,7.57,-78.67,26.6,"Thunnus albacares",666,75,"Myctophidae",1
717,717146,"4/27/2004",2,2004,7.57,-78.67,26.6,"Thunnus albacares",660,75,"Myctophidae",1
717,717147,"4/27/2004",2,2004,7.57,-78.67,26.6,"Thunnus albacares",658,75,"Myctophidae",1
717,717148,"4/27/2004",2,2004,7.57,-78.67,26.6,"Thunnus albacares",665,100,"Myctophidae",1
717,717149,"4/27/2004",2,2004,7.57,-78.67,26.6,"Thunnus albacares",630,75,"Myctophidae",1
717,717150,"4/27/2004",2,2004,7.57,-78.67,26.6,"Thunnus albacares",635,75,"Myctophidae",1
818,818151,"3/14/2004",1,2004,9.55,-103.22,27.94444,"Thunnus albacares",729,30,"Portunidae",1
818,818152,"3/14/2004",1,2004,9.55,-103.22,27.94444,"Thunnus albacares",792,10,"Portunidae",1
818,818153,"3/14/2004",1,2004,9.55,-103.22,27.94444,"Thunnus albacares",632,25,"Portunidae",1
818,818154,"3/14/2004",1,2004,9.55,-103.22,27.94444,"Thunnus albacares",549,15,"Ommastrephidae",1
818,818155,"3/14/2004",1,2004,9.55,-103.22,27.94444,"Thunnus albacares",539,20,"Argonautidae",1
818,818156,"3/14/2004",1,2004,9.55,-103.22,27.94444,"Thunnus albacares",480,20,"Ommastrephidae",1
819,819157,"3/15/2004",1,2004,13.4,-101.77,28.61111,"Thunnus albacares",689,50,"Hemiramphidae",1
819,819158,"3/15/2004",1,2004,13.4,-101.77,28.61111,"Thunnus albacares",736,80,"Galatheidae",1
819,819159,"3/15/2004",1,2004,13.4,-101.77,28.61111,"Thunnus albacares",651,50,"Gempylidae",1
819,819160,"3/15/2004",1,2004,13.4,-101.77,28.61111,"Thunnus albacares",516,50,"Phosichthyidae",1
819,819161,"3/15/2004",1,2004,13.4,-101.77,28.61111,"Thunnus albacares",681,100,"Tetraodontidae",1
819,819162,"3/15/2004",1,2004,13.4,-101.77,28.61111,"Thunnus albacares",557,30,"Phosichthyidae",1
820,820163,"3/16/2004",1,2004,16.12,-101.53,28.38889,"Thunnus albacares",687,90,"Squillidae",1
820,820164,"3/16/2004",1,2004,16.12,-101.53,28.38889,"Thunnus albacares",736,30,"Exocoetidae",1
820,820165,"3/16/2004",1,2004,16.12,-101.53,28.38889,"Thunnus albacares",482,30,"Squillidae",1
820,820166,"3/16/2004",1,2004,16.12,-101.53,28.38889,"Thunnus albacares",521,25,"Ommastrephidae",1
821,821167,"3/19/2004",1,2004,14.63,-97.73,28.94444,"Thunnus albacares",703,50,"Argonautidae",1
821,821168,"3/19/2004",1,2004,14.63,-97.73,28.94444,"Thunnus albacares",694,50,"Argonautidae",1
821,821169,"3/19/2004",1,2004,14.63,-97.73,28.94444,"Thunnus albacares",669,30,"Argonautidae",1
821,821170,"3/19/2004",1,2004,14.63,-97.73,28.94444,"Thunnus albacares",675,50,"Argonautidae",0.646048111
821,821170,"3/19/2004",1,2004,14.63,-97.73,28.94444,"Thunnus albacares",675,50,"Ommastrephidae",0.353951889
821,821171,"3/19/2004",1,2004,14.63,-97.73,28.94444,"Thunnus albacares",721,70,"Argonautidae",1
821,821172,"3/19/2004",1,2004,14.63,-97.73,28.94444,"Thunnus albacares",669,60,"Ommastrephidae",1
821,821173,"3/19/2004",1,2004,14.63,-97.73,28.94444,"Thunnus albacares",532,40,"Argonautidae",1
821,821174,"3/19/2004",1,2004,14.63,-97.73,28.94444,"Thunnus albacares",499,15,"Argonautidae",1
821,821175,"3/19/2004",1,2004,14.63,-97.73,28.94444,"Thunnus albacares",534,5,"Argonautidae",1
821,821176,"3/19/2004",1,2004,14.63,-97.73,28.94444,"Thunnus albacares",729,50,"Argonautidae",0.742316788
821,821176,"3/19/2004",1,2004,14.63,-97.73,28.94444,"Thunnus albacares",729,50,"Hemiramphidae",0.257683212
821,821177,"3/19/2004",1,2004,14.63,-97.73,28.94444,"Thunnus albacares",772,60,"Argonautidae",0.994035785
821,821177,"3/19/2004",1,2004,14.63,-97.73,28.94444,"Thunnus albacares",772,60,"Ommastrephidae",0.00596
821,821178,"3/19/2004",1,2004,14.63,-97.73,28.94444,"Thunnus albacares",695,70,"Ommastrephidae",1
821,821179,"3/19/2004",1,2004,14.63,-97.73,28.94444,"Thunnus albacares",819,70,"Argonautidae",1
821,821180,"3/19/2004",1,2004,14.63,-97.73,28.94444,"Thunnus albacares",744,25,"Argonautidae",0.608300912
821,821180,"3/19/2004",1,2004,14.63,-97.73,28.94444,"Thunnus albacares",744,25,"Ommastrephidae",0.391699088
821,821181,"3/19/2004",1,2004,14.63,-97.73,28.94444,"Thunnus albacares",691,40,"Argonautidae",0.777777764
821,821181,"3/19/2004",1,2004,14.63,-97.73,28.94444,"Thunnus albacares",691,40,"Hemiramphidae",0.222222236
922,922182,"5/31/2004",2,2004,14.73,-121.12,26.61111,"Thunnus albacares",805,20,"Ostraciidae",1
922,922183,"5/31/2004",2,2004,14.73,-121.12,26.61111,"Thunnus albacares",660,50,"Ostraciidae",1
922,922184,"5/31/2004",2,2004,14.73,-121.12,26.61111,"Thunnus albacares",691,50,"Ostraciidae",1
922,922185,"5/31/2004",2,2004,14.73,-121.12,26.61111,"Thunnus albacares",743,80,"Ostraciidae",1
922,922186,"5/31/2004",2,2004,14.73,-121.12,26.61111,"Thunnus albacares",782,100,"Exocoetidae",0.0385
922,922186,"5/31/2004",2,2004,14.73,-121.12,26.61111,"Thunnus albacares",782,100,"Ostraciidae",0.961514874
922,922187,"5/31/2004",2,2004,14.73,-121.12,26.61111,"Thunnus albacares",651,30,"Ostraciidae",1
922,922188,"5/31/2004",2,2004,14.73,-121.12,26.61111,"Thunnus albacares",719,100,"Ostraciidae",1
922,922189,"5/31/2004",2,2004,14.73,-121.12,26.61111,"Thunnus albacares",920,1,"Ostraciidae",1
922,922190,"5/31/2004",2,2004,14.73,-121.12,26.61111,"Thunnus albacares",1074,100,"Ostraciidae",1
922,922191,"5/31/2004",2,2004,14.73,-121.12,26.61111,"Thunnus albacares",651,20,"Ostraciidae",1
922,922192,"5/31/2004",2,2004,14.73,-121.12,26.61111,"Thunnus albacares",797,2,"Ostraciidae",1
922,922193,"5/31/2004",2,2004,14.73,-121.12,26.61111,"Thunnus albacares",643,100,"Ostraciidae",1
922,922194,"5/31/2004",2,2004,14.73,-121.12,26.61111,"Thunnus albacares",609,100,"Ostraciidae",1
1023,1023195,"6/17/2004",2,2004,5.35,-122.07,27.4,"Thunnus albacares",642,100,"Scombridae",1
1124,1124196,"6/13/2004",2,2004,16.25,-106.27,29.44444,"Thunnus albacares",801,5,"Exocoetidae",0.924623114
1124,1124196,"6/13/2004",2,2004,16.25,-106.27,29.44444,"Thunnus albacares",801,5,"GastropodaC",0.0754
1124,1124197,"6/13/2004",2,2004,16.25,-106.27,29.44444,"Thunnus albacares",786,5,"Hemiramphidae",1
1124,1124198,"6/13/2004",2,2004,16.25,-106.27,29.44444,"Thunnus albacares",691,5,"GastropodaC",0.225563922
1124,1124198,"6/13/2004",2,2004,16.25,-106.27,29.44444,"Thunnus albacares",691,5,"Hemiramphidae",0.774436078
1124,1124199,"6/13/2004",2,2004,16.25,-106.27,29.44444,"Thunnus albacares",669,50,"Exocoetidae",0.528846154
1124,1124199,"6/13/2004",2,2004,16.25,-106.27,29.44444,"Thunnus albacares",669,50,"Hemiramphidae",0.471153846
1124,1124200,"6/13/2004",2,2004,16.25,-106.27,29.44444,"Thunnus albacares",777,10,"Exocoetidae",1
1125,1125201,"6/23/2004",2,2004,21.12,-114.6,23.22222,"Thunnus albacares",488,5,"Galatheidae",1
1125,1125202,"6/23/2004",2,2004,21.12,-114.6,23.22222,"Thunnus albacares",653,50,"Galatheidae",1
1125,1125203,"6/23/2004",2,2004,21.12,-114.6,23.22222,"Thunnus albacares",536,100,"Galatheidae",1
1125,1125204,"6/23/2004",2,2004,21.12,-114.6,23.22222,"Thunnus albacares",609,30,"Galatheidae",1
1125,1125205,"6/23/2004",2,2004,21.12,-114.6,23.22222,"Thunnus albacares",526,1,"Galatheidae",1
1125,1125206,"6/23/2004",2,2004,21.12,-114.6,23.22222,"Thunnus albacares",628,80,"Galatheidae",1
1125,1125207,"6/23/2004",2,2004,21.12,-114.6,23.22222,"Thunnus albacares",526,60,"Galatheidae",1
1125,1125208,"6/23/2004",2,2004,21.12,-114.6,23.22222,"Thunnus albacares",492,1,"Galatheidae",1
1125,1125209,"6/23/2004",2,2004,21.12,-114.6,23.22222,"Thunnus albacares",778,1,"Galatheidae",1
1125,1125210,"6/23/2004",2,2004,21.12,-114.6,23.22222,"Thunnus albacares",462,90,"Galatheidae",1
1125,1125211,"6/23/2004",2,2004,21.12,-114.6,23.22222,"Thunnus albacares",486,80,"Galatheidae",1
1126,1126212,"7/02/2004",3,2004,17.7,-114.25,26.61111,"Thunnus albacares",708,100,"Galatheidae",1
1126,1126213,"7/02/2004",3,2004,17.7,-114.25,26.61111,"Thunnus albacares",600,100,"Galatheidae",1
1126,1126214,"7/02/2004",3,2004,17.7,-114.25,26.61111,"Thunnus albacares",651,100,"Galatheidae",1
1126,1126215,"7/02/2004",3,2004,17.7,-114.25,26.61111,"Thunnus albacares",548,100,"Galatheidae",1
1126,1126216,"7/02/2004",3,2004,17.7,-114.25,26.61111,"Thunnus albacares",618,100,"Galatheidae",1
1126,1126217,"7/02/2004",3,2004,17.7,-114.25,26.61111,"Thunnus albacares",653,50,"Galatheidae",1
1126,1126218,"7/02/2004",3,2004,17.7,-114.25,26.61111,"Thunnus albacares",606,5,"Galatheidae",1
1126,1126219,"7/02/2004",3,2004,17.7,-114.25,26.61111,"Thunnus albacares",590,30,"Galatheidae",1
1227,1227220,"7/14/2004",3,2004,7.17,-111.95,27.77778,"Thunnus albacares",546,100,"Phosichthyidae",1
1328,1328221,"7/13/2004",3,2004,18.08,-119.6,24.94444,"Thunnus albacares",590,70,"Galatheidae",0.851664683
1328,1328221,"7/13/2004",3,2004,18.08,-119.6,24.94444,"Thunnus albacares",590,70,"Ostraciidae",0.148335317
1328,1328222,"7/13/2004",3,2004,18.08,-119.6,24.94444,"Thunnus albacares",510,5,"Galatheidae",1
1328,1328223,"7/13/2004",3,2004,18.08,-119.6,24.94444,"Thunnus albacares",540,30,"Galatheidae",1
1328,1328224,"7/13/2004",3,2004,18.08,-119.6,24.94444,"Thunnus albacares",500,30,"Galatheidae",1
1328,1328225,"7/13/2004",3,2004,18.08,-119.6,24.94444,"Thunnus albacares",490,5,"Galatheidae",1
1328,1328226,"7/13/2004",3,2004,18.08,-119.6,24.94444,"Thunnus albacares",520,40,"Galatheidae",1
1329,1329227,"8/16/2004",3,2004,18.15,-116.95,28.16667,"Thunnus albacares",1200,25,"Ostraciidae",1
1329,1329228,"8/16/2004",3,2004,18.15,-116.95,28.16667,"Thunnus albacares",895,15,"Ostraciidae",1
1329,1329229,"8/16/2004",3,2004,18.15,-116.95,28.16667,"Thunnus albacares",1114,10,"Scombridae",1
1329,1329230,"8/16/2004",3,2004,18.15,-116.95,28.16667,"Thunnus albacares",899,1,"Ostraciidae",1
1329,1329231,"8/16/2004",3,2004,18.15,-116.95,28.16667,"Thunnus albacares",886,30,"Ostraciidae",1
1329,1329232,"8/16/2004",3,2004,18.15,-116.95,28.16667,"Thunnus albacares",1061,40,"Ostraciidae",1
1329,1329233,"8/16/2004",3,2004,18.15,-116.95,28.16667,"Thunnus albacares",711,20,"Ostraciidae",1
1329,1329234,"8/16/2004",3,2004,18.15,-116.95,28.16667,"Thunnus albacares",659,2,"Ostraciidae",1
1329,1329235,"8/16/2004",3,2004,18.15,-116.95,28.16667,"Thunnus albacares",718,5,"Galatheidae",1
1329,1329236,"8/16/2004",3,2004,18.15,-116.95,28.16667,"Thunnus albacares",695,5,"Ostraciidae",1
1330,1330237,"8/29/2004",3,2004,10.43,-112.8,28.22222,"Thunnus albacares",814,5,"Galatheidae",1
1330,1330238,"8/29/2004",3,2004,10.43,-112.8,28.22222,"Thunnus albacares",706,10,"Galatheidae",1
1330,1330239,"8/29/2004",3,2004,10.43,-112.8,28.22222,"Thunnus albacares",769,5,"Galatheidae",1
1330,1330240,"8/29/2004",3,2004,10.43,-112.8,28.22222,"Thunnus albacares",715,10,"Galatheidae",1
1330,1330241,"8/29/2004",3,2004,10.43,-112.8,28.22222,"Thunnus albacares",855,15,"Galatheidae",1
1330,1330242,"8/29/2004",3,2004,10.43,-112.8,28.22222,"Thunnus albacares",881,1,"Carangidae",1
1330,1330243,"8/29/2004",3,2004,10.43,-112.8,28.22222,"Thunnus albacares",877,90,"Scombridae",1
1330,1330244,"8/29/2004",3,2004,10.43,-112.8,28.22222,"Thunnus albacares",568,10,"Exocoetidae",1
1330,1330245,"8/29/2004",3,2004,10.43,-112.8,28.22222,"Thunnus albacares",1069,20,"Tetraodontidae",1
1431,1431246,"7/24/2004",3,2004,5.62,-112.55,27.8,"Thunnus albacares",529,100,"Hemiramphidae",0.131961863
1431,1431246,"7/24/2004",3,2004,5.62,-112.55,27.8,"Thunnus albacares",529,100,"Scombridae",0.868038137
1431,1431247,"7/24/2004",3,2004,5.62,-112.55,27.8,"Thunnus albacares",578,75,"Exocoetidae",1
1431,1431248,"7/24/2004",3,2004,5.62,-112.55,27.8,"Thunnus albacares",474,100,"Scombridae",1
1532,1532249,"8/04/2004",3,2004,11.65,-107.35,28.77778,"Thunnus albacares",871,50,"Galatheidae",1
1532,1532250,"8/04/2004",3,2004,11.65,-107.35,28.77778,"Thunnus albacares",763,50,"Galatheidae",1
1532,1532251,"8/04/2004",3,2004,11.65,-107.35,28.77778,"Thunnus albacares",825,100,"Galatheidae",0.985754986
1532,1532251,"8/04/2004",3,2004,11.65,-107.35,28.77778,"Thunnus albacares",825,100,"Hemiramphidae",0.0142
1532,1532252,"8/04/2004",3,2004,11.65,-107.35,28.77778,"Thunnus albacares",900,30,"Galatheidae",1
1532,1532253,"8/04/2004",3,2004,11.65,-107.35,28.77778,"Thunnus albacares",863,100,"Galatheidae",0.997713573
1532,1532253,"8/04/2004",3,2004,11.65,-107.35,28.77778,"Thunnus albacares",863,100,"Hemiramphidae",0.00229
1532,1532254,"8/04/2004",3,2004,11.65,-107.35,28.77778,"Thunnus albacares",1025,100,"Galatheidae",0.879757307
1532,1532254,"8/04/2004",3,2004,11.65,-107.35,28.77778,"Thunnus albacares",1025,100,"Hemiramphidae",0.120242693
1532,1532255,"8/04/2004",3,2004,11.65,-107.35,28.77778,"Thunnus albacares",796,100,"Galatheidae",1
1532,1532256,"8/04/2004",3,2004,11.65,-107.35,28.77778,"Thunnus albacares",881,30,"Galatheidae",1
1532,1532257,"8/04/2004",3,2004,11.65,-107.35,28.77778,"Thunnus albacares",823,80,"Galatheidae",1
1532,1532258,"8/04/2004",3,2004,11.65,-107.35,28.77778,"Thunnus albacares",901,30,"Galatheidae",1
1532,1532259,"8/04/2004",3,2004,11.65,-107.35,28.77778,"Thunnus albacares",876,100,"Galatheidae",1
1532,1532260,"8/04/2004",3,2004,11.65,-107.35,28.77778,"Thunnus albacares",776,30,"Galatheidae",1
1532,1532261,"8/04/2004",3,2004,11.65,-107.35,28.77778,"Thunnus albacares",850,50,"Galatheidae",1
1532,1532262,"8/04/2004",3,2004,11.65,-107.35,28.77778,"Thunnus albacares",872,40,"Galatheidae",1
1532,1532263,"8/04/2004",3,2004,11.65,-107.35,28.77778,"Thunnus albacares",858,100,"Galatheidae",0.943589745
1532,1532263,"8/04/2004",3,2004,11.65,-107.35,28.77778,"Thunnus albacares",858,100,"Hemiramphidae",0.0564
1533,1533264,"8/06/2004",3,2004,8.85,-106.93,28.22222,"Thunnus albacares",1243,10,"Phosichthyidae",1
1533,1533265,"8/06/2004",3,2004,8.85,-106.93,28.22222,"Thunnus albacares",590,10,"Phosichthyidae",1
1533,1533266,"8/06/2004",3,2004,8.85,-106.93,28.22222,"Thunnus albacares",851,30,"Phosichthyidae",1
1533,1533267,"8/06/2004",3,2004,8.85,-106.93,28.22222,"Thunnus albacares",915,20,"Phosichthyidae",1
1533,1533268,"8/06/2004",3,2004,8.85,-106.93,28.22222,"Thunnus albacares",497,20,"Phosichthyidae",1
1634,1634269,"7/21/2004",3,2004,19.02,-115.68,26.94444,"Thunnus albacares",1293,100,"Galatheidae",0.0322
1634,1634269,"7/21/2004",3,2004,19.02,-115.68,26.94444,"Thunnus albacares",1293,100,"Ostraciidae",0.9677538
1634,1634270,"7/21/2004",3,2004,19.02,-115.68,26.94444,"Thunnus albacares",790,10,"Galatheidae",1
1634,1634271,"7/21/2004",3,2004,19.02,-115.68,26.94444,"Thunnus albacares",819,20,"Ostraciidae",1
1634,1634272,"7/21/2004",3,2004,19.02,-115.68,26.94444,"Thunnus albacares",576,30,"Galatheidae",1
1635,1635273,"8/12/2004",3,2004,17.72,-116.48,27.61111,"Thunnus albacares",649,10,"Galatheidae",1
1635,1635274,"8/12/2004",3,2004,17.72,-116.48,27.61111,"Thunnus albacares",661,10,"Galatheidae",1
1635,1635275,"8/12/2004",3,2004,17.72,-116.48,27.61111,"Thunnus albacares",567,20,"Galatheidae",1
1635,1635276,"8/12/2004",3,2004,17.72,-116.48,27.61111,"Thunnus albacares",658,60,"Galatheidae",0.90075459
1635,1635276,"8/12/2004",3,2004,17.72,-116.48,27.61111,"Thunnus albacares",658,60,"Ostraciidae",0.0992
1635,1635277,"8/12/2004",3,2004,17.72,-116.48,27.61111,"Thunnus albacares",570,20,"Galatheidae",1
1635,1635278,"8/12/2004",3,2004,17.72,-116.48,27.61111,"Thunnus albacares",625,60,"Galatheidae",1
1635,1635279,"8/12/2004",3,2004,17.72,-116.48,27.61111,"Thunnus albacares",634,10,"Galatheidae",1
1635,1635280,"8/12/2004",3,2004,17.72,-116.48,27.61111,"Thunnus albacares",631,15,"Galatheidae",1
1635,1635281,"8/12/2004",3,2004,17.72,-116.48,27.61111,"Thunnus albacares",750,20,"Galatheidae",0.646662915
1635,1635281,"8/12/2004",3,2004,17.72,-116.48,27.61111,"Thunnus albacares",750,20,"Ostraciidae",0.353337085
1635,1635282,"8/12/2004",3,2004,17.72,-116.48,27.61111,"Thunnus albacares",655,40,"Balistidae",0.0863
1635,1635282,"8/12/2004",3,2004,17.72,-116.48,27.61111,"Thunnus albacares",655,40,"Galatheidae",0.913690476
1636,1636283,"8/14/2004",3,2004,18.05,-117.25,27.22222,"Thunnus albacares",590,20,"Ostraciidae",1
1636,1636284,"8/14/2004",3,2004,18.05,-117.25,27.22222,"Thunnus albacares",647,25,"Ostraciidae",1
1636,1636285,"8/14/2004",3,2004,18.05,-117.25,27.22222,"Thunnus albacares",690,60,"Ostraciidae",1
1636,1636286,"8/14/2004",3,2004,18.05,-117.25,27.22222,"Thunnus albacares",622,40,"Galatheidae",0.205823954
1636,1636286,"8/14/2004",3,2004,18.05,-117.25,27.22222,"Thunnus albacares",622,40,"Ommastrephidae",0.130046331
1636,1636286,"8/14/2004",3,2004,18.05,-117.25,27.22222,"Thunnus albacares",622,40,"Ostraciidae",0.664129715
1636,1636287,"8/14/2004",3,2004,18.05,-117.25,27.22222,"Thunnus albacares",555,10,"Galatheidae",0.548800011
1636,1636287,"8/14/2004",3,2004,18.05,-117.25,27.22222,"Thunnus albacares",555,10,"Ostraciidae",0.451199989
1636,1636288,"8/14/2004",3,2004,18.05,-117.25,27.22222,"Thunnus albacares",670,30,"Ostraciidae",1
1636,1636289,"8/14/2004",3,2004,18.05,-117.25,27.22222,"Thunnus albacares",666,80,"Galatheidae",0.36372598
1636,1636289,"8/14/2004",3,2004,18.05,-117.25,27.22222,"Thunnus albacares",666,80,"Ostraciidae",0.63627402
1636,1636290,"8/14/2004",3,2004,18.05,-117.25,27.22222,"Thunnus albacares",627,25,"Ostraciidae",1
1636,1636291,"8/14/2004",3,2004,18.05,-117.25,27.22222,"Thunnus albacares",582,20,"Ostraciidae",1
1636,1636292,"8/14/2004",3,2004,18.05,-117.25,27.22222,"Thunnus albacares",621,40,"Galatheidae",0.0526
1636,1636292,"8/14/2004",3,2004,18.05,-117.25,27.22222,"Thunnus albacares",621,40,"Ostraciidae",0.947417843
1636,1636293,"8/14/2004",3,2004,18.05,-117.25,27.22222,"Thunnus albacares",534,50,"Galatheidae",0.731589811
1636,1636293,"8/14/2004",3,2004,18.05,-117.25,27.22222,"Thunnus albacares",534,50,"Ostraciidae",0.268410189
1636,1636294,"8/14/2004",3,2004,18.05,-117.25,27.22222,"Thunnus albacares",633,30,"Ostraciidae",1
1636,1636295,"8/14/2004",3,2004,18.05,-117.25,27.22222,"Thunnus albacares",615,40,"Galatheidae",0.02464
1636,1636295,"8/14/2004",3,2004,18.05,-117.25,27.22222,"Thunnus albacares",615,40,"Ostraciidae",0.97536
1737,1737296,"10/09/2004",4,2004,10.88,-119.32,28.33333,"Thunnus albacares",645,10,"Tetraodontidae",1
1737,1737297,"10/09/2004",4,2004,10.88,-119.32,28.33333,"Thunnus albacares",777,70,"Tetraodontidae",1
1737,1737298,"10/09/2004",4,2004,10.88,-119.32,28.33333,"Thunnus albacares",617,80,"Coryphaenidae",0.820583464
1737,1737298,"10/09/2004",4,2004,10.88,-119.32,28.33333,"Thunnus albacares",617,80,"Tetraodontidae",0.179416536
1737,1737299,"10/09/2004",4,2004,10.88,-119.32,28.33333,"Thunnus albacares",696,80,"Coryphaenidae",0.913781948
1737,1737299,"10/09/2004",4,2004,10.88,-119.32,28.33333,"Thunnus albacares",696,80,"Tetraodontidae",0.0862
1737,1737300,"10/09/2004",4,2004,10.88,-119.32,28.33333,"Thunnus albacares",669,60,"Coryphaenidae",1
1838,1838301,"9/15/2004",3,2004,11.18,-122.52,28.33333,"Thunnus albacares",543,15,"Phosichthyidae",1
1838,1838302,"9/15/2004",3,2004,11.18,-122.52,28.33333,"Thunnus albacares",572,5,"Nomeidae",1
1838,1838303,"9/15/2004",3,2004,11.18,-122.52,28.33333,"Thunnus albacares",708,10,"Phosichthyidae",1
1838,1838304,"9/15/2004",3,2004,11.18,-122.52,28.33333,"Thunnus albacares",565,20,"Phosichthyidae",1
1838,1838305,"9/15/2004",3,2004,11.18,-122.52,28.33333,"Thunnus albacares",698,30,"Phosichthyidae",1
1838,1838306,"9/15/2004",3,2004,11.18,-122.52,28.33333,"Thunnus albacares",1135,30,"Nomeidae",1
1838,1838307,"9/15/2004",3,2004,11.18,-122.52,28.33333,"Thunnus albacares",827,10,"Phosichthyidae",1
1939,1939308,"8/24/2004",3,2004,10.3,-109.15,28.33333,"Thunnus albacares",1157,10,"Squillidae",1
1939,1939309,"8/24/2004",3,2004,10.3,-109.15,28.33333,"Thunnus albacares",1247,50,"Hemisquillidae",1
1939,1939310,"8/24/2004",3,2004,10.3,-109.15,28.33333,"Thunnus albacares",872,10,"Engraulidae",0.632911399
1939,1939310,"8/24/2004",3,2004,10.3,-109.15,28.33333,"Thunnus albacares",872,10,"Loliginidae",0.367088601
1939,1939311,"8/24/2004",3,2004,10.3,-109.15,28.33333,"Thunnus albacares",829,10,"GastropodaC",1
1939,1939312,"8/24/2004",3,2004,10.3,-109.15,28.33333,"Thunnus albacares",669,10,"Portunidae",1
1940,1940313,"9/25/2004",3,2004,9.37,-116.25,28.11111,"Thunnus albacares",1273,100,"Phosichthyidae",0.999760249
1940,1940313,"9/25/2004",3,2004,9.37,-116.25,28.11111,"Thunnus albacares",1273,100,"Tetraodontidae",0.00024
1940,1940314,"9/25/2004",3,2004,9.37,-116.25,28.11111,"Thunnus albacares",1185,10,"Ostraciidae",1
1940,1940315,"9/25/2004",3,2004,9.37,-116.25,28.11111,"Thunnus albacares",1231,70,"Phosichthyidae",1
1940,1940316,"9/25/2004",3,2004,9.37,-116.25,28.11111,"Thunnus albacares",1093,80,"Phosichthyidae",1
1940,1940317,"9/25/2004",3,2004,9.37,-116.25,28.11111,"Thunnus albacares",934,100,"Phosichthyidae",1
1940,1940318,"9/25/2004",3,2004,9.37,-116.25,28.11111,"Thunnus albacares",589,90,"Phosichthyidae",1
1941,1941319,"9/27/2004",3,2004,11.67,-113,28.38889,"Thunnus albacares",928,20,"Galatheidae",1
1941,1941320,"9/27/2004",3,2004,11.67,-113,28.38889,"Thunnus albacares",938,90,"Galatheidae",1
1941,1941321,"9/27/2004",3,2004,11.67,-113,28.38889,"Thunnus albacares",906,80,"Galatheidae",1
1941,1941322,"9/27/2004",3,2004,11.67,-113,28.38889,"Thunnus albacares",885,50,"Galatheidae",1
1941,1941323,"9/27/2004",3,2004,11.67,-113,28.38889,"Thunnus albacares",823,50,"Galatheidae",1
1941,1941324,"9/27/2004",3,2004,11.67,-113,28.38889,"Thunnus albacares",886,40,"Galatheidae",1
1941,1941325,"9/27/2004",3,2004,11.67,-113,28.38889,"Thunnus albacares",920,40,"Galatheidae",1
1941,1941326,"9/27/2004",3,2004,11.67,-113,28.38889,"Thunnus albacares",797,20,"Galatheidae",1
1941,1941327,"9/27/2004",3,2004,11.67,-113,28.38889,"Thunnus albacares",955,80,"Galatheidae",1
1941,1941328,"9/27/2004",3,2004,11.67,-113,28.38889,"Thunnus albacares",951,20,"Galatheidae",1
1941,1941329,"9/27/2004",3,2004,11.67,-113,28.38889,"Thunnus albacares",866,40,"Galatheidae",1
1941,1941330,"9/27/2004",3,2004,11.67,-113,28.38889,"Thunnus albacares",898,90,"Galatheidae",0.00268
1941,1941330,"9/27/2004",3,2004,11.67,-113,28.38889,"Thunnus albacares",898,90,"Scombridae",0.99731846
1942,1942331,"10/05/2004",4,2004,10.95,-110.73,27.66667,"Thunnus albacares",1032,30,"Galatheidae",1
1942,1942332,"10/05/2004",4,2004,10.95,-110.73,27.66667,"Thunnus albacares",1113,30,"Galatheidae",0.997239857
1942,1942332,"10/05/2004",4,2004,10.95,-110.73,27.66667,"Thunnus albacares",1113,30,"Ostraciidae",0.00276
1942,1942333,"10/05/2004",4,2004,10.95,-110.73,27.66667,"Thunnus albacares",972,40,"Galatheidae",1
1942,1942334,"10/05/2004",4,2004,10.95,-110.73,27.66667,"Thunnus albacares",921,30,"Galatheidae",1
1942,1942335,"10/05/2004",4,2004,10.95,-110.73,27.66667,"Thunnus albacares",922,30,"Galatheidae",0.973060611
1942,1942335,"10/05/2004",4,2004,10.95,-110.73,27.66667,"Thunnus albacares",922,30,"Ostraciidae",0.0269
1942,1942336,"10/05/2004",4,2004,10.95,-110.73,27.66667,"Thunnus albacares",852,40,"Galatheidae",0.863697701
1942,1942336,"10/05/2004",4,2004,10.95,-110.73,27.66667,"Thunnus albacares",852,40,"Ostraciidae",0.136302299
1942,1942337,"10/05/2004",4,2004,10.95,-110.73,27.66667,"Thunnus albacares",947,100,"Galatheidae",0.0628
1942,1942337,"10/05/2004",4,2004,10.95,-110.73,27.66667,"Thunnus albacares",947,100,"Tetraodontidae",0.937246333
1942,1942338,"10/05/2004",4,2004,10.95,-110.73,27.66667,"Thunnus albacares",924,10,"Galatheidae",1
1942,1942339,"10/05/2004",4,2004,10.95,-110.73,27.66667,"Thunnus albacares",962,20,"Galatheidae",1
1942,1942340,"10/05/2004",4,2004,10.95,-110.73,27.66667,"Thunnus albacares",930,40,"Galatheidae",1
1942,1942341,"10/05/2004",4,2004,10.95,-110.73,27.66667,"Thunnus albacares",901,30,"Galatheidae",1
1942,1942342,"10/05/2004",4,2004,10.95,-110.73,27.66667,"Thunnus albacares",942,25,"Galatheidae",1
1942,1942343,"10/05/2004",4,2004,10.95,-110.73,27.66667,"Thunnus albacares",957,20,"Galatheidae",1
1942,1942344,"10/05/2004",4,2004,10.95,-110.73,27.66667,"Thunnus albacares",994,60,"Galatheidae",0.929963387
1942,1942344,"10/05/2004",4,2004,10.95,-110.73,27.66667,"Thunnus albacares",994,60,"Ostraciidae",0.07
1942,1942345,"10/05/2004",4,2004,10.95,-110.73,27.66667,"Thunnus albacares",1004,20,"Galatheidae",1
2043,2043346,"1/23/2005",1,2005,9.72,-104.38,27.77778,"Thunnus albacares",596,5,"Exocoetidae",1
2043,2043347,"1/23/2005",1,2005,9.72,-104.38,27.77778,"Thunnus albacares",694,1,"Phosichthyidae",1
2043,2043348,"1/23/2005",1,2005,9.72,-104.38,27.77778,"Thunnus albacares",730,80,"Exocoetidae",0.260005983
2043,2043348,"1/23/2005",1,2005,9.72,-104.38,27.77778,"Thunnus albacares",730,80,"Scombridae",0.739994017
2043,2043349,"1/23/2005",1,2005,9.72,-104.38,27.77778,"Thunnus albacares",657,80,"Hemiramphidae",1
2043,2043350,"1/23/2005",1,2005,9.72,-104.38,27.77778,"Thunnus albacares",600,5,"Argonautidae",1
2043,2043351,"1/23/2005",1,2005,9.72,-104.38,27.77778,"Thunnus albacares",619,10,"Hemiramphidae",1
2044,2044352,"2/16/2005",1,2005,22.82,-111.45,21.88889,"Thunnus albacares",894,5,"Nomeidae",1
2044,2044353,"2/16/2005",1,2005,22.82,-111.45,21.88889,"Thunnus albacares",820,5,"Nomeidae",1
2044,2044354,"2/16/2005",1,2005,22.82,-111.45,21.88889,"Thunnus albacares",894,5,"Nomeidae",1
2044,2044355,"2/16/2005",1,2005,22.82,-111.45,21.88889,"Thunnus albacares",1035,20,"Nomeidae",1
2044,2044356,"2/16/2005",1,2005,22.82,-111.45,21.88889,"Thunnus albacares",879,20,"Nomeidae",1
2044,2044357,"2/16/2005",1,2005,22.82,-111.45,21.88889,"Thunnus albacares",836,20,"Nomeidae",1
2044,2044358,"2/16/2005",1,2005,22.82,-111.45,21.88889,"Thunnus albacares",934,10,"Galatheidae",0.095
2044,2044358,"2/16/2005",1,2005,22.82,-111.45,21.88889,"Thunnus albacares",934,10,"Nomeidae",0.905013191
2044,2044359,"2/16/2005",1,2005,22.82,-111.45,21.88889,"Thunnus albacares",1121,5,"Galatheidae",0.0529
2044,2044359,"2/16/2005",1,2005,22.82,-111.45,21.88889,"Thunnus albacares",1121,5,"Nomeidae",0.947075211
2044,2044360,"2/16/2005",1,2005,22.82,-111.45,21.88889,"Thunnus albacares",872,30,"Nomeidae",1
2044,2044361,"2/16/2005",1,2005,22.82,-111.45,21.88889,"Thunnus albacares",910,10,"Nomeidae",1
2044,2044362,"2/16/2005",1,2005,22.82,-111.45,21.88889,"Thunnus albacares",931,20,"Nomeidae",1
2044,2044363,"2/16/2005",1,2005,22.82,-111.45,21.88889,"Thunnus albacares",820,30,"Nomeidae",0.937323723
2044,2044363,"2/16/2005",1,2005,22.82,-111.45,21.88889,"Thunnus albacares",820,30,"Scombridae",0.0627
2044,2044364,"2/16/2005",1,2005,22.82,-111.45,21.88889,"Thunnus albacares",895,40,"Nomeidae",1
2044,2044365,"2/16/2005",1,2005,22.82,-111.45,21.88889,"Thunnus albacares",854,20,"Galatheidae",0.0295
2044,2044365,"2/16/2005",1,2005,22.82,-111.45,21.88889,"Thunnus albacares",854,20,"Nomeidae",0.970481383
2044,2044366,"2/16/2005",1,2005,22.82,-111.45,21.88889,"Thunnus albacares",1094,20,"Nomeidae",1
2145,2145367,"2/07/2005",1,2005,9.03,-95.52,26.83333,"Thunnus albacares",1113,70,"Ommastrephidae",1
2145,2145368,"2/07/2005",1,2005,9.03,-95.52,26.83333,"Thunnus albacares",1132,100,"Ommastrephidae",1
2145,2145369,"2/07/2005",1,2005,9.03,-95.52,26.83333,"Thunnus albacares",1066,90,"Ommastrephidae",1
2145,2145370,"2/07/2005",1,2005,9.03,-95.52,26.83333,"Thunnus albacares",1137,70,"Ommastrephidae",1
2145,2145371,"2/07/2005",1,2005,9.03,-95.52,26.83333,"Thunnus albacares",1162,70,"Ommastrephidae",1
2145,2145372,"2/07/2005",1,2005,9.03,-95.52,26.83333,"Thunnus albacares",975,70,"Ommastrephidae",1
2145,2145373,"2/07/2005",1,2005,9.03,-95.52,26.83333,"Thunnus albacares",1137,20,"Ommastrephidae",1
2145,2145374,"2/07/2005",1,2005,9.03,-95.52,26.83333,"Thunnus albacares",1127,60,"Ommastrephidae",1
2145,2145375,"2/07/2005",1,2005,9.03,-95.52,26.83333,"Thunnus albacares",1136,100,"Carangidae",0.0299
2145,2145375,"2/07/2005",1,2005,9.03,-95.52,26.83333,"Thunnus albacares",1136,100,"Exocoetidae",0.0549
2145,2145375,"2/07/2005",1,2005,9.03,-95.52,26.83333,"Thunnus albacares",1136,100,"Ommastrephidae",0.915150377
2145,2145376,"2/07/2005",1,2005,9.03,-95.52,26.83333,"Thunnus albacares",1047,20,"Ommastrephidae",1
2145,2145377,"2/07/2005",1,2005,9.03,-95.52,26.83333,"Thunnus albacares",972,20,"Ommastrephidae",1
2145,2145378,"2/07/2005",1,2005,9.03,-95.52,26.83333,"Thunnus albacares",1068,60,"Ommastrephidae",1
2145,2145379,"2/07/2005",1,2005,9.03,-95.52,26.83333,"Thunnus albacares",913,50,"Ommastrephidae",1
2145,2145380,"2/07/2005",1,2005,9.03,-95.52,26.83333,"Thunnus albacares",1043,70,"Ommastrephidae",1
2246,2246381,"2/10/2005",1,2005,8.9,-99.67,27.22222,"Thunnus albacares",590,5,"Thysanoteuthidae",1
2347,2347382,"1/12/2005",1,2005,8.05,-102.82,27.11111,"Thunnus albacares",890,100,"Scombridae",1
2347,2347383,"1/12/2005",1,2005,8.05,-102.82,27.11111,"Thunnus albacares",840,10,"Exocoetidae",1
2347,2347384,"1/12/2005",1,2005,8.05,-102.82,27.11111,"Thunnus albacares",970,100,"Scombridae",1
2347,2347385,"1/12/2005",1,2005,8.05,-102.82,27.11111,"Thunnus albacares",952,30,"Scombridae",1
2448,2448386,"2/25/2005",1,2005,14.2,-111.7,26.27778,"Thunnus albacares",612,1,"Galatheidae",1
2448,2448387,"2/25/2005",1,2005,14.2,-111.7,26.27778,"Thunnus albacares",895,5,"Balistidae",0.280219771
2448,2448387,"2/25/2005",1,2005,14.2,-111.7,26.27778,"Thunnus albacares",895,5,"Galatheidae",0.719780229
2448,2448388,"2/25/2005",1,2005,14.2,-111.7,26.27778,"Thunnus albacares",680,20,"Galatheidae",1
2448,2448389,"2/25/2005",1,2005,14.2,-111.7,26.27778,"Thunnus albacares",740,20,"Galatheidae",1
2448,2448390,"2/25/2005",1,2005,14.2,-111.7,26.27778,"Thunnus albacares",752,15,"Galatheidae",1
2448,2448391,"2/25/2005",1,2005,14.2,-111.7,26.27778,"Thunnus albacares",725,15,"Galatheidae",1
2448,2448392,"2/25/2005",1,2005,14.2,-111.7,26.27778,"Thunnus albacares",715,30,"Galatheidae",0.962164208
2448,2448392,"2/25/2005",1,2005,14.2,-111.7,26.27778,"Thunnus albacares",715,30,"StomatopodaO",0.0378
2448,2448393,"2/25/2005",1,2005,14.2,-111.7,26.27778,"Thunnus albacares",665,1,"Galatheidae",1
2448,2448394,"2/25/2005",1,2005,14.2,-111.7,26.27778,"Thunnus albacares",693,20,"Galatheidae",1
2448,2448395,"2/25/2005",1,2005,14.2,-111.7,26.27778,"Thunnus albacares",666,10,"Galatheidae",1
2448,2448396,"2/25/2005",1,2005,14.2,-111.7,26.27778,"Thunnus albacares",680,1,"Galatheidae",1
2549,2549397,"1/10/2005",1,2005,7.05,-101.42,27.61111,"Thunnus albacares",824,20,"Ommastrephidae",1
2549,2549398,"1/10/2005",1,2005,7.05,-101.42,27.61111,"Thunnus albacares",1284,10,"Phosichthyidae",1
2549,2549399,"1/10/2005",1,2005,7.05,-101.42,27.61111,"Thunnus albacares",1114,90,"Scombridae",1
2550,2550400,"1/28/2005",1,2005,7.48,-102.1,27.44444,"Thunnus albacares",780,5,"Phosichthyidae",1
2550,2550401,"1/28/2005",1,2005,7.48,-102.1,27.44444,"Thunnus albacares",880,5,"Phosichthyidae",1
2550,2550402,"1/28/2005",1,2005,7.48,-102.1,27.44444,"Thunnus albacares",870,1,"Phosichthyidae",1
2550,2550403,"1/28/2005",1,2005,7.48,-102.1,27.44444,"Thunnus albacares",830,5,"Phosichthyidae",1
2550,2550404,"1/28/2005",1,2005,7.48,-102.1,27.44444,"Thunnus albacares",735,10,"Phosichthyidae",1
2550,2550405,"1/28/2005",1,2005,7.48,-102.1,27.44444,"Thunnus albacares",710,10,"Phosichthyidae",1
2651,2651406,"1/29/2005",1,2005,13.73,-100.08,28.88889,"Thunnus albacares",739,5,"Argonautidae",1
2651,2651407,"1/29/2005",1,2005,13.73,-100.08,28.88889,"Thunnus albacares",776,5,"Argonautidae",1
2651,2651408,"1/29/2005",1,2005,13.73,-100.08,28.88889,"Thunnus albacares",672,10,"Argonautidae",1
2651,2651409,"1/29/2005",1,2005,13.73,-100.08,28.88889,"Thunnus albacares",661,10,"Argonautidae",1
2651,2651410,"1/29/2005",1,2005,13.73,-100.08,28.88889,"Thunnus albacares",642,5,"Argonautidae",0.479166671
2651,2651410,"1/29/2005",1,2005,13.73,-100.08,28.88889,"Thunnus albacares",642,5,"StomatopodaO",0.520833329
2651,2651411,"1/29/2005",1,2005,13.73,-100.08,28.88889,"Thunnus albacares",658,5,"Argonautidae",1
2752,2752412,"10/02/2005",4,2005,9,-115.43,31.66667,"Thunnus albacares",1169,1,"Scombridae",1
2752,2752413,"10/02/2005",4,2005,9,-115.43,31.66667,"Thunnus albacares",1277,1,"Bramidae",0.333333333
2752,2752413,"10/02/2005",4,2005,9,-115.43,31.66667,"Thunnus albacares",1277,1,"Gempylidae",0.666666667
2752,2752414,"10/02/2005",4,2005,9,-115.43,31.66667,"Thunnus albacares",986,1,"Phosichthyidae",1
2752,2752415,"10/02/2005",4,2005,9,-115.43,31.66667,"Thunnus albacares",1000,5,"Phosichthyidae",1
2752,2752416,"10/02/2005",4,2005,9,-115.43,31.66667,"Thunnus albacares",975,1,"Bramidae",1
2753,2753417,"10/11/2005",4,2005,8.95,-117.3,28.05556,"Thunnus albacares",715,80,"Scombridae",1
2753,2753418,"10/11/2005",4,2005,8.95,-117.3,28.05556,"Thunnus albacares",698,30,"Scombridae",1
2753,2753419,"10/11/2005",4,2005,8.95,-117.3,28.05556,"Thunnus albacares",693,40,"Scombridae",1
2753,2753420,"10/11/2005",4,2005,8.95,-117.3,28.05556,"Thunnus albacares",747,1,"Argonautidae",1
2753,2753421,"10/11/2005",4,2005,8.95,-117.3,28.05556,"Thunnus albacares",567,1,"Exocoetidae",1
2753,2753422,"10/11/2005",4,2005,8.95,-117.3,28.05556,"Thunnus albacares",946,30,"Scombridae",1
2753,2753423,"10/11/2005",4,2005,8.95,-117.3,28.05556,"Thunnus albacares",808,1,"Nomeidae",1
2753,2753424,"10/11/2005",4,2005,8.95,-117.3,28.05556,"Thunnus albacares",777,1,"Scombridae",1
2753,2753425,"10/11/2005",4,2005,8.95,-117.3,28.05556,"Thunnus albacares",644,70,"Scombridae",1
2753,2753426,"10/11/2005",4,2005,8.95,-117.3,28.05556,"Thunnus albacares",653,60,"Scombridae",1
2753,2753427,"10/11/2005",4,2005,8.95,-117.3,28.05556,"Thunnus albacares",737,30,"Scombridae",1
2753,2753428,"10/11/2005",4,2005,8.95,-117.3,28.05556,"Thunnus albacares",726,5,"Scombridae",1
2754,2754429,"10/13/2005",4,2005,8.8,-121.38,28.33333,"Thunnus albacares",902,30,"Argonautidae",0.0722
2754,2754429,"10/13/2005",4,2005,8.8,-121.38,28.33333,"Thunnus albacares",902,30,"Phosichthyidae",0.927825261
2754,2754430,"10/13/2005",4,2005,8.8,-121.38,28.33333,"Thunnus albacares",852,10,"Phosichthyidae",1
2754,2754431,"10/13/2005",4,2005,8.8,-121.38,28.33333,"Thunnus albacares",622,1,"Phosichthyidae",1
2754,2754432,"10/13/2005",4,2005,8.8,-121.38,28.33333,"Thunnus albacares",632,1,"Phosichthyidae",1
2754,2754433,"10/13/2005",4,2005,8.8,-121.38,28.33333,"Thunnus albacares",932,20,"Phosichthyidae",1
2754,2754434,"10/13/2005",4,2005,8.8,-121.38,28.33333,"Thunnus albacares",613,1,"Phosichthyidae",1
2754,2754435,"10/13/2005",4,2005,8.8,-121.38,28.33333,"Thunnus albacares",610,1,"Phosichthyidae",1
2754,2754436,"10/13/2005",4,2005,8.8,-121.38,28.33333,"Thunnus albacares",798,5,"Phosichthyidae",1
2754,2754437,"10/13/2005",4,2005,8.8,-121.38,28.33333,"Thunnus albacares",940,10,"Phosichthyidae",1
2754,2754438,"10/13/2005",4,2005,8.8,-121.38,28.33333,"Thunnus albacares",905,15,"Phosichthyidae",1
2754,2754439,"10/13/2005",4,2005,8.8,-121.38,28.33333,"Thunnus albacares",901,50,"Phosichthyidae",1
2754,2754440,"10/13/2005",4,2005,8.8,-121.38,28.33333,"Thunnus albacares",983,10,"Phosichthyidae",1
2855,2855441,"8/09/2005",3,2005,22.58,-111.62,27.16667,"Thunnus albacares",552,10,"Galatheidae",1
2855,2855442,"8/09/2005",3,2005,22.58,-111.62,27.16667,"Thunnus albacares",529,5,"Galatheidae",1
2855,2855443,"8/09/2005",3,2005,22.58,-111.62,27.16667,"Thunnus albacares",524,20,"Galatheidae",1
2855,2855444,"8/09/2005",3,2005,22.58,-111.62,27.16667,"Thunnus albacares",521,5,"Galatheidae",1
2855,2855445,"8/09/2005",3,2005,22.58,-111.62,27.16667,"Thunnus albacares",621,30,"Galatheidae",1
2855,2855446,"8/09/2005",3,2005,22.58,-111.62,27.16667,"Thunnus albacares",526,100,"Galatheidae",1
2855,2855447,"8/09/2005",3,2005,22.58,-111.62,27.16667,"Thunnus albacares",530,15,"Galatheidae",1
2855,2855448,"8/09/2005",3,2005,22.58,-111.62,27.16667,"Thunnus albacares",631,1,"Galatheidae",1
2855,2855449,"8/09/2005",3,2005,22.58,-111.62,27.16667,"Thunnus albacares",593,10,"Galatheidae",1
2855,2855450,"8/09/2005",3,2005,22.58,-111.62,27.16667,"Thunnus albacares",529,20,"Galatheidae",1
2855,2855451,"8/09/2005",3,2005,22.58,-111.62,27.16667,"Thunnus albacares",463,5,"Galatheidae",1
2855,2855452,"8/09/2005",3,2005,22.58,-111.62,27.16667,"Thunnus albacares",494,5,"Galatheidae",1
2855,2855453,"8/09/2005",3,2005,22.58,-111.62,27.16667,"Thunnus albacares",496,20,"Galatheidae",1
2855,2855454,"8/09/2005",3,2005,22.58,-111.62,27.16667,"Thunnus albacares",557,1,"Galatheidae",1
2855,2855455,"8/09/2005",3,2005,22.58,-111.62,27.16667,"Thunnus albacares",610,30,"Galatheidae",1
2856,2856456,"8/12/2005",3,2005,25.45,-112.47,23,"Thunnus albacares",726,40,"Galatheidae",0.0896
2856,2856456,"8/12/2005",3,2005,25.45,-112.47,23,"Thunnus albacares",726,40,"Ommastrephidae",0.910421021
2856,2856457,"8/12/2005",3,2005,25.45,-112.47,23,"Thunnus albacares",756,60,"Ommastrephidae",1
2856,2856458,"8/12/2005",3,2005,25.45,-112.47,23,"Thunnus albacares",762,40,"Ommastrephidae",1
2856,2856459,"8/12/2005",3,2005,25.45,-112.47,23,"Thunnus albacares",764,70,"Galatheidae",0.591281043
2856,2856459,"8/12/2005",3,2005,25.45,-112.47,23,"Thunnus albacares",764,70,"Ommastrephidae",0.408718957
2856,2856460,"8/12/2005",3,2005,25.45,-112.47,23,"Thunnus albacares",739,50,"Galatheidae",1
2856,2856461,"8/12/2005",3,2005,25.45,-112.47,23,"Thunnus albacares",746,40,"Galatheidae",1
2856,2856462,"8/12/2005",3,2005,25.45,-112.47,23,"Thunnus albacares",739,50,"Ommastrephidae",1
2856,2856463,"8/12/2005",3,2005,25.45,-112.47,23,"Thunnus albacares",728,40,"Galatheidae",1
2856,2856464,"8/12/2005",3,2005,25.45,-112.47,23,"Thunnus albacares",746,70,"Ommastrephidae",1
2856,2856465,"8/12/2005",3,2005,25.45,-112.47,23,"Thunnus albacares",727,30,"Galatheidae",1
2856,2856466,"8/12/2005",3,2005,25.45,-112.47,23,"Thunnus albacares",738,50,"DecapodaO",0.0129
2856,2856466,"8/12/2005",3,2005,25.45,-112.47,23,"Thunnus albacares",738,50,"Ommastrephidae",0.987095664
2856,2856467,"8/12/2005",3,2005,25.45,-112.47,23,"Thunnus albacares",734,40,"Galatheidae",0.779488592
2856,2856467,"8/12/2005",3,2005,25.45,-112.47,23,"Thunnus albacares",734,40,"Ommastrephidae",0.220511408
2856,2856468,"8/12/2005",3,2005,25.45,-112.47,23,"Thunnus albacares",718,80,"Galatheidae",0.0582
2856,2856468,"8/12/2005",3,2005,25.45,-112.47,23,"Thunnus albacares",718,80,"Ommastrephidae",0.941809567
2856,2856469,"8/12/2005",3,2005,25.45,-112.47,23,"Thunnus albacares",740,30,"Galatheidae",1
2856,2856470,"8/12/2005",3,2005,25.45,-112.47,23,"Thunnus albacares",739,40,"Galatheidae",1
2857,2857471,"8/15/2005",3,2005,25.82,-112.8,24.55556,"Thunnus albacares",743,100,"Argonautidae",0.106060602
2857,2857471,"8/15/2005",3,2005,25.82,-112.8,24.55556,"Thunnus albacares",743,100,"Galatheidae",0.0589
2857,2857471,"8/15/2005",3,2005,25.82,-112.8,24.55556,"Thunnus albacares",743,100,"Loliginidae",0.83501684
2857,2857472,"8/15/2005",3,2005,25.82,-112.8,24.55556,"Thunnus albacares",717,80,"Galatheidae",1
2857,2857473,"8/15/2005",3,2005,25.82,-112.8,24.55556,"Thunnus albacares",729,70,"Galatheidae",0.430675919
2857,2857473,"8/15/2005",3,2005,25.82,-112.8,24.55556,"Thunnus albacares",729,70,"Loliginidae",0.569324081
2857,2857474,"8/15/2005",3,2005,25.82,-112.8,24.55556,"Thunnus albacares",721,100,"Galatheidae",1
2857,2857475,"8/15/2005",3,2005,25.82,-112.8,24.55556,"Thunnus albacares",743,80,"Galatheidae",1
2857,2857476,"8/15/2005",3,2005,25.82,-112.8,24.55556,"Thunnus albacares",732,80,"Galatheidae",1
2857,2857477,"8/15/2005",3,2005,25.82,-112.8,24.55556,"Thunnus albacares",730,80,"Loliginidae",1
2857,2857478,"8/15/2005",3,2005,25.82,-112.8,24.55556,"Thunnus albacares",723,100,"Galatheidae",1
2857,2857479,"8/15/2005",3,2005,25.82,-112.8,24.55556,"Thunnus albacares",747,100,"Galatheidae",1
2857,2857480,"8/15/2005",3,2005,25.82,-112.8,24.55556,"Thunnus albacares",738,90,"Galatheidae",1
2857,2857481,"8/15/2005",3,2005,25.82,-112.8,24.55556,"Thunnus albacares",740,80,"Loliginidae",1
2857,2857482,"8/15/2005",3,2005,25.82,-112.8,24.55556,"Thunnus albacares",756,5,"Galatheidae",1
2857,2857483,"8/15/2005",3,2005,25.82,-112.8,24.55556,"Thunnus albacares",711,100,"Galatheidae",0.00724
2857,2857483,"8/15/2005",3,2005,25.82,-112.8,24.55556,"Thunnus albacares",711,100,"Loliginidae",0.992756772
2857,2857484,"8/15/2005",3,2005,25.82,-112.8,24.55556,"Thunnus albacares",727,80,"Galatheidae",1
2857,2857485,"8/15/2005",3,2005,25.82,-112.8,24.55556,"Thunnus albacares",698,70,"Galatheidae",1
2858,2858486,"8/22/2005",3,2005,26,-113.15,24.66667,"Thunnus albacares",752,50,"Galatheidae",1
2858,2858487,"8/22/2005",3,2005,26,-113.15,24.66667,"Thunnus albacares",739,30,"Galatheidae",1
2858,2858488,"8/22/2005",3,2005,26,-113.15,24.66667,"Thunnus albacares",742,10,"Galatheidae",1
2858,2858489,"8/22/2005",3,2005,26,-113.15,24.66667,"Thunnus albacares",514,15,"Ommastrephidae",1
2858,2858490,"8/22/2005",3,2005,26,-113.15,24.66667,"Thunnus albacares",508,15,"Ommastrephidae",1
2858,2858491,"8/22/2005",3,2005,26,-113.15,24.66667,"Thunnus albacares",749,10,"Galatheidae",1
2858,2858492,"8/22/2005",3,2005,26,-113.15,24.66667,"Thunnus albacares",747,20,"Galatheidae",1
2858,2858493,"8/22/2005",3,2005,26,-113.15,24.66667,"Thunnus albacares",801,50,"Galatheidae",0.993300852
2858,2858493,"8/22/2005",3,2005,26,-113.15,24.66667,"Thunnus albacares",801,50,"Penaeidae",0.0067
2858,2858494,"8/22/2005",3,2005,26,-113.15,24.66667,"Thunnus albacares",504,10,"Ommastrephidae",1
2858,2858495,"8/22/2005",3,2005,26,-113.15,24.66667,"Thunnus albacares",732,60,"Galatheidae",1
2858,2858496,"8/22/2005",3,2005,26,-113.15,24.66667,"Thunnus albacares",756,50,"Galatheidae",1
2858,2858497,"8/22/2005",3,2005,26,-113.15,24.66667,"Thunnus albacares",741,50,"Galatheidae",1
2858,2858498,"8/22/2005",3,2005,26,-113.15,24.66667,"Thunnus albacares",769,50,"Galatheidae",0.721114835
2858,2858498,"8/22/2005",3,2005,26,-113.15,24.66667,"Thunnus albacares",769,50,"Ommastrephidae",0.278885165
2858,2858499,"8/22/2005",3,2005,26,-113.15,24.66667,"Thunnus albacares",764,15,"Ommastrephidae",1
2959,2959500,"10/06/2005",4,2005,10.23,-117.58,27.11111,"Thunnus albacares",978,1,"Galatheidae",1
2959,2959501,"10/06/2005",4,2005,10.23,-117.58,27.11111,"Thunnus albacares",1205,5,"Galatheidae",1
2959,2959502,"10/06/2005",4,2005,10.23,-117.58,27.11111,"Thunnus albacares",1081,1,"Galatheidae",1
2959,2959503,"10/06/2005",4,2005,10.23,-117.58,27.11111,"Thunnus albacares",1003,1,"Galatheidae",1
2959,2959504,"10/06/2005",4,2005,10.23,-117.58,27.11111,"Thunnus albacares",892,1,"Galatheidae",1
2959,2959505,"10/06/2005",4,2005,10.23,-117.58,27.11111,"Thunnus albacares",871,1,"Galatheidae",1
2959,2959506,"10/06/2005",4,2005,10.23,-117.58,27.11111,"Thunnus albacares",922,1,"Galatheidae",1
2959,2959507,"10/06/2005",4,2005,10.23,-117.58,27.11111,"Thunnus albacares",1063,1,"Galatheidae",1
2959,2959508,"10/06/2005",4,2005,10.23,-117.58,27.11111,"Thunnus albacares",933,1,"Galatheidae",1
2959,2959509,"10/06/2005",4,2005,10.23,-117.58,27.11111,"Thunnus albacares",1005,1,"Galatheidae",1
2959,2959510,"10/06/2005",4,2005,10.23,-117.58,27.11111,"Thunnus albacares",994,1,"Galatheidae",1
2959,2959511,"10/06/2005",4,2005,10.23,-117.58,27.11111,"Thunnus albacares",927,1,"Galatheidae",1
3060,3060512,"9/24/2005",3,2005,25.75,-113.12,25.55556,"Thunnus albacares",785,30,"Clupeidae",0.641051167
3060,3060512,"9/24/2005",3,2005,25.75,-113.12,25.55556,"Thunnus albacares",785,30,"Loliginidae",0.0916
3060,3060512,"9/24/2005",3,2005,25.75,-113.12,25.55556,"Thunnus albacares",785,30,"Scombridae",0.267370098
3060,3060513,"9/24/2005",3,2005,25.75,-113.12,25.55556,"Thunnus albacares",774,5,"Coryphaenidae",1
3060,3060514,"9/24/2005",3,2005,25.75,-113.12,25.55556,"Thunnus albacares",693,1,"Carangidae",0.729927005
3060,3060514,"9/24/2005",3,2005,25.75,-113.12,25.55556,"Thunnus albacares",693,1,"Galatheidae",0.270072995
3060,3060515,"9/24/2005",3,2005,25.75,-113.12,25.55556,"Thunnus albacares",762,1,"Galatheidae",1
3060,3060516,"9/24/2005",3,2005,25.75,-113.12,25.55556,"Thunnus albacares",765,1,"Phosichthyidae",1
3060,3060517,"9/24/2005",3,2005,25.75,-113.12,25.55556,"Thunnus albacares",786,5,"Carangidae",1
3060,3060518,"9/24/2005",3,2005,25.75,-113.12,25.55556,"Thunnus albacares",798,5,"Scombridae",1
3060,3060519,"9/24/2005",3,2005,25.75,-113.12,25.55556,"Thunnus albacares",652,20,"Galatheidae",1
3161,3161520,"10/21/2005",4,2005,9.03,-117.87,27.83333,"Thunnus albacares",978,1,"Scombridae",1
3161,3161521,"10/21/2005",4,2005,9.03,-117.87,27.83333,"Thunnus albacares",934,1,"Scombridae",1
3161,3161522,"10/21/2005",4,2005,9.03,-117.87,27.83333,"Thunnus albacares",956,40,"Scombridae",1
3161,3161523,"10/21/2005",4,2005,9.03,-117.87,27.83333,"Thunnus albacares",968,1,"Scombridae",1
3161,3161524,"10/21/2005",4,2005,9.03,-117.87,27.83333,"Thunnus albacares",887,1,"Scombridae",1
3161,3161525,"10/21/2005",4,2005,9.03,-117.87,27.83333,"Thunnus albacares",1001,30,"Scombridae",1
3161,3161526,"10/21/2005",4,2005,9.03,-117.87,27.83333,"Thunnus albacares",1043,40,"Scombridae",1
3161,3161527,"10/21/2005",4,2005,9.03,-117.87,27.83333,"Thunnus albacares",1013,5,"Scombridae",1
3161,3161528,"10/21/2005",4,2005,9.03,-117.87,27.83333,"Thunnus albacares",1085,1,"Scombridae",1
3161,3161529,"10/21/2005",4,2005,9.03,-117.87,27.83333,"Thunnus albacares",1013,70,"Scombridae",0.501335705
3161,3161529,"10/21/2005",4,2005,9.03,-117.87,27.83333,"Thunnus albacares",1013,70,"Thysanoteuthidae",0.498664295
3162,3162530,"11/03/2005",4,2005,10.45,-112.35,27.88889,"Thunnus albacares",859,50,"Scombridae",1
3162,3162531,"11/03/2005",4,2005,10.45,-112.35,27.88889,"Thunnus albacares",971,70,"Galatheidae",0.484536072
3162,3162531,"11/03/2005",4,2005,10.45,-112.35,27.88889,"Thunnus albacares",971,70,"Phosichthyidae",0.515463928
3162,3162532,"11/03/2005",4,2005,10.45,-112.35,27.88889,"Thunnus albacares",1092,20,"Galatheidae",1
3162,3162533,"11/03/2005",4,2005,10.45,-112.35,27.88889,"Thunnus albacares",1027,80,"Scombridae",1
3162,3162534,"11/03/2005",4,2005,10.45,-112.35,27.88889,"Thunnus albacares",1068,70,"Galatheidae",0.184672202
3162,3162534,"11/03/2005",4,2005,10.45,-112.35,27.88889,"Thunnus albacares",1068,70,"Phosichthyidae",0.815327798
3162,3162535,"11/03/2005",4,2005,10.45,-112.35,27.88889,"Thunnus albacares",1067,40,"Galatheidae",1
3162,3162536,"11/03/2005",4,2005,10.45,-112.35,27.88889,"Thunnus albacares",1052,5,"Galatheidae",1
3162,3162537,"11/03/2005",4,2005,10.45,-112.35,27.88889,"Thunnus albacares",1074,5,"Galatheidae",1
3162,3162538,"11/03/2005",4,2005,10.45,-112.35,27.88889,"Thunnus albacares",957,60,"Galatheidae",1
3162,3162539,"11/03/2005",4,2005,10.45,-112.35,27.88889,"Thunnus albacares",1087,20,"Galatheidae",1
3162,3162540,"11/03/2005",4,2005,10.45,-112.35,27.88889,"Thunnus albacares",1010,30,"Galatheidae",1
3162,3162541,"11/03/2005",4,2005,10.45,-112.35,27.88889,"Thunnus albacares",1047,40,"Galatheidae",1
3263,3263542,"10/19/2005",4,2005,9.08,-122.13,26.66667,"Thunnus albacares",863,1,"Phosichthyidae",1
3263,3263543,"10/19/2005",4,2005,9.08,-122.13,26.66667,"Thunnus albacares",719,5,"Phosichthyidae",1
3263,3263544,"10/19/2005",4,2005,9.08,-122.13,26.66667,"Thunnus albacares",565,1,"Phosichthyidae",1
3263,3263545,"10/19/2005",4,2005,9.08,-122.13,26.66667,"Thunnus albacares",554,1,"Phosichthyidae",1
3263,3263546,"10/19/2005",4,2005,9.08,-122.13,26.66667,"Thunnus albacares",576,1,"Phosichthyidae",1
3264,3264547,"10/28/2005",4,2005,10,-104.62,27.22222,"Thunnus albacares",920,50,"Hemiramphidae",0.0476
3264,3264547,"10/28/2005",4,2005,10,-104.62,27.22222,"Thunnus albacares",920,50,"Scombridae",0.952380952
3264,3264548,"10/28/2005",4,2005,10,-104.62,27.22222,"Thunnus albacares",895,20,"Hemiramphidae",0.25
3264,3264548,"10/28/2005",4,2005,10,-104.62,27.22222,"Thunnus albacares",895,20,"Scombridae",0.75
3264,3264549,"10/28/2005",4,2005,10,-104.62,27.22222,"Thunnus albacares",897,40,"Hemiramphidae",0.161764706
3264,3264549,"10/28/2005",4,2005,10,-104.62,27.22222,"Thunnus albacares",897,40,"Scombridae",0.838235294
3264,3264550,"10/28/2005",4,2005,10,-104.62,27.22222,"Thunnus albacares",869,60,"Clupeidae",0.0982
3264,3264550,"10/28/2005",4,2005,10,-104.62,27.22222,"Thunnus albacares",869,60,"Hemiramphidae",0.142857143
3264,3264550,"10/28/2005",4,2005,10,-104.62,27.22222,"Thunnus albacares",869,60,"Scombridae",0.758928571
3264,3264551,"10/28/2005",4,2005,10,-104.62,27.22222,"Thunnus albacares",892,30,"Scombridae",1
3264,3264552,"10/28/2005",4,2005,10,-104.62,27.22222,"Thunnus albacares",931,70,"Hemiramphidae",0.0424
3264,3264552,"10/28/2005",4,2005,10,-104.62,27.22222,"Thunnus albacares",931,70,"Scombridae",0.957575758
3264,3264553,"10/28/2005",4,2005,10,-104.62,27.22222,"Thunnus albacares",785,30,"Hemiramphidae",0.114754098
3264,3264553,"10/28/2005",4,2005,10,-104.62,27.22222,"Thunnus albacares",785,30,"Scombridae",0.885245902
3264,3264554,"10/28/2005",4,2005,10,-104.62,27.22222,"Thunnus albacares",896,90,"Hemiramphidae",0.0169
3264,3264554,"10/28/2005",4,2005,10,-104.62,27.22222,"Thunnus albacares",896,90,"Scombridae",0.983050847
3264,3264555,"10/28/2005",4,2005,10,-104.62,27.22222,"Thunnus albacares",923,30,"Scombridae",1
3264,3264556,"10/28/2005",4,2005,10,-104.62,27.22222,"Thunnus albacares",793,40,"Hemiramphidae",0.166666667
3264,3264556,"10/28/2005",4,2005,10,-104.62,27.22222,"Thunnus albacares",793,40,"Scombridae",0.833333333
3365,3365557,"11/16/2005",4,2005,22.12,-106.82,26.72222,"Thunnus albacares",550,30,"Ommastrephidae",0.146341463
3365,3365557,"11/16/2005",4,2005,22.12,-106.82,26.72222,"Thunnus albacares",550,30,"Phosichthyidae",0.731707317
3365,3365557,"11/16/2005",4,2005,22.12,-106.82,26.72222,"Thunnus albacares",550,30,"Scombridae",0.12195122
3365,3365558,"11/16/2005",4,2005,22.12,-106.82,26.72222,"Thunnus albacares",618,10,"Ommastrephidae",0.428571429
3365,3365558,"11/16/2005",4,2005,22.12,-106.82,26.72222,"Thunnus albacares",618,10,"Phosichthyidae",0.571428571
3365,3365559,"11/16/2005",4,2005,22.12,-106.82,26.72222,"Thunnus albacares",574,10,"Ommastrephidae",0.458333333
3365,3365559,"11/16/2005",4,2005,22.12,-106.82,26.72222,"Thunnus albacares",574,10,"Phosichthyidae",0.541666667
3365,3365560,"11/16/2005",4,2005,22.12,-106.82,26.72222,"Thunnus albacares",626,20,"Phosichthyidae",1
3365,3365561,"11/16/2005",4,2005,22.12,-106.82,26.72222,"Thunnus albacares",696,30,"Phosichthyidae",1
3365,3365562,"11/16/2005",4,2005,22.12,-106.82,26.72222,"Thunnus albacares",895,30,"Ommastrephidae",0.125
3365,3365562,"11/16/2005",4,2005,22.12,-106.82,26.72222,"Thunnus albacares",895,30,"Phosichthyidae",0.875
3365,3365563,"11/16/2005",4,2005,22.12,-106.82,26.72222,"Thunnus albacares",583,40,"Ommastrephidae",0.157894737
3365,3365563,"11/16/2005",4,2005,22.12,-106.82,26.72222,"Thunnus albacares",583,40,"Phosichthyidae",0.842105263
3365,3365564,"11/16/2005",4,2005,22.12,-106.82,26.72222,"Thunnus albacares",536,20,"Ommastrephidae",0.757575758
3365,3365564,"11/16/2005",4,2005,22.12,-106.82,26.72222,"Thunnus albacares",536,20,"Phosichthyidae",0.242424242
3365,3365565,"11/16/2005",4,2005,22.12,-106.82,26.72222,"Thunnus albacares",494,10,"Ommastrephidae",1
3365,3365566,"11/16/2005",4,2005,22.12,-106.82,26.72222,"Thunnus albacares",611,20,"Ommastrephidae",0.825
3365,3365566,"11/16/2005",4,2005,22.12,-106.82,26.72222,"Thunnus albacares",611,20,"Phosichthyidae",0.175
3365,3365567,"11/16/2005",4,2005,22.12,-106.82,26.72222,"Thunnus albacares",531,30,"Ommastrephidae",0.553191489
3365,3365567,"11/16/2005",4,2005,22.12,-106.82,26.72222,"Thunnus albacares",531,30,"Phosichthyidae",0.446808511
3365,3365568,"11/16/2005",4,2005,22.12,-106.82,26.72222,"Thunnus albacares",564,10,"Phosichthyidae",1
3365,3365569,"11/16/2005",4,2005,22.12,-106.82,26.72222,"Thunnus albacares",515,10,"Ommastrephidae",0.434782609
3365,3365569,"11/16/2005",4,2005,22.12,-106.82,26.72222,"Thunnus albacares",515,10,"Phosichthyidae",0.565217391
3365,3365570,"11/16/2005",4,2005,22.12,-106.82,26.72222,"Thunnus albacares",603,5,"Phosichthyidae",1
3365,3365571,"11/16/2005",4,2005,22.12,-106.82,26.72222,"Thunnus albacares",586,5,"Phosichthyidae",1
